puzzle_name,structure,rna,defect
Simple Hairpin,(((((......))))),GCCACGAAAAAGUGGC,0.0052095929912348024
Arabidopsis Thaliana 6 RNA - Difficulty Level 0,(((((((....(((...........)))((((((((..(((((((((((((((((((...(((((......))))).)))))).)))))))))))))..))))))))..))))))),GCUGCUGGAAACUGGAAAAAAAAAACAGGCGUUCUGAACAGAAAAUACACCCGCUUGGAAGGCCCGAAAAAGGGCCGCGAGCGAGGUGUGUUUUCUGAACAGGGCGCAACGGCGGC,0.0028335579501036195
Prion Pseudoknot - Difficulty Level 0,((((((.((((....))))))).)))..........,GGCCACACGAGGAAACUUGGUGAGCCAAAAAAAAAA,0.001943680055303572
Human Integrated Adenovirus - Difficulty Level 0,((((((((((((((.((((((...........((((((((((((.....((((((((....(((((((((((((........))))))))))....))))))))....))))))....)))))...((((((.......))))))))))............)))))).))))....))))))...))))...,CAGGCGAGCCCUUGGGGGAUGGAAAAAAAAAACCCCGCCCCCCCGAAAACCCCCCCCGGGAGGCCCUAGCAUCGGAAAAAAACGAUGCUAGGAAAAGCCGGGGGAAAAGGGGGGAAAAGGGGCGGAGUCUAGGAAAAAACUGGACGGGGGAAAAAAAAAAACAUCUCGCGGGAAAAGGUUCGAAACUUGAAC,0.11102782531286028
The Gammaretrovirus Signal - Difficulty Level 0,..(.(..((((((....))))))..).)......((((..(((.(((((((((....)))))....)))))))))))..((((((((....))))))))..,AACGCAAGCCAUCGAAAGAUGGCAAGGGAAAAAAGUUGAAGGGAGGGCGGAUCGAAAGAUCCAAAAGCCCCCCCAACAACUGUUUUGGAAACGAGGCAGAA,0.03691526157430529
Saccharomyces Cerevisiae - Difficulty Level 0,(((((((((((........)))).((...............))....(((((.......))))))))))))....(((((((..((((........))))(((.............)))....(((((.......))))))))))))....(((((((..((((........))))((((((.......))))))....(((((.......))))))))))))....(((((((..((((........))))((((((.......))))))....(((((.......))))))))))))....(((((((..((((........))))((((((.......))))))....(((((.......))))))))))))....,GACUUGCCUGGGAAAAAAACCAGAGGGAAAAAAAAAAAAAACCAAAAGUGUGGAAAAAACAUGCGUAAGUCAAAAGUAUUAGAAGGAGGAAAAAAACUCCGUGGAAAAAAAAAAAACACAAAAGUUUCGAAAAAAGAAGCCUAAUACAAAAGCGUUUCAAGCUGGAAAAAAACAGCGUUGAGGAAAAAACUCAGCAAAACUUUCGAAAAAAGAAAGGAAAUGCAAAAGGUCCCGAAGGUCGAAAAAAAGACCCUGUGGGAAAAAACCGUAGAAAAGACUGGAAAAAACAGUCCGGGACCAAAAGUUUUUGAAGACGGAAAAAAACGUCGGUUCCGAAAAAAGGAGUCAAAAGUUGGGAAAAAACCAACCAAAGACAAAA,0.25500190192144895
Fractal 2,.....((((((((...((((((((((..((((..........))))..((((..........))))..((((..........))))..))))))))))...((((((((((..((((..........))))..((((..........))))..((((..........))))..))))))))))...((((((((((..((((..........))))..((((..........))))..((((..........))))..))))))))))...)))))))).....,AAAAAGUUAUGAGAAAGGGCUCCGUGAAGCGGGAAAAAAAAACUGCAAGUAGGAAAAAAAAACUACAACGUCGAAAAAAAAAGACGAACACGGAGCUCAAAGUGUGACGCGAACACGGAAAAAAAAACGUGAACACCGAAAAAAAAAGGUGAAGCGGGAAAAAAAAACCGCAACGCGUCAUACAAAGGGUGAUUGCAAGUCGGAAAAAAAAACGACAACUUGGAAAAAAAAACAAGAAGUAGGAAAAAAAAACUACAAGUAAUCGUCCAAACUCAUAACAAAAA,0.013570008672182735
G-C Placement,((((...)))).,GUGGAAACCGCA,0.010721669304108694
The Sun,(((.(((((((...))))..))))))...(((.(((((((...))))..))))))...(((.(((((((...))))..))))))...(((.(((((((...))))..))))))...(((.(((((((...))))..))))))...(((.(((((((...))))..))))))...(((.(((((((...))))..))))))...(((.(((((((...))))..))))))...(((.(((((((...))))..)))))),CAGAGGCCGGCAAAGUCGAAGUCCUGAAAGGGAGUCGAUCAAAGAUCAAGACCCCAAACUGAGGCCUUGAAACGAGAAGCCCAGAAAGUGAGACCUUGAAACGAGAAGUCCACAAAGUGACGGCGGGAAACUCGAACUGCACAAAGAGAGACGCGGAAACCGCAAGUCCUCAAACUGAGACGUCGAAACGACAAGUCCGGAAAGUGAGACCCUCAAAGAGGAAGUCCGCAAACUGAGGGCCGCAAAGUGGAACCCCGG,0.039671281543220915
Frog Foot,..........((((....))))((((....))))((((...)))),AAAAAAAAAACCAGGAAACUGGGUGGGAAACUACGCAGAAACUGC,0.06620903279004955
InfoRNA test 16,((((((.((((((((....))))).)).).)))))),GUGUUGGGGCCGGAGGAAACUCCGAGCACGCAGCAC,0.009299455754668064
Mat - Martian 2,((((....))))...(((((((..(((((((.......))))))))))))))...((((((((......(((((((.(((((((.......))))))))))))))...((((((((((((((.......))))))).)))))))......))))))))...((((((((((((((.......)))))))..)))))))...((((....)))),GUAGGAAACUACAAAGUUGGCGAAGGACUUGGAAAAAACAAGUCCCGUCAACAAAGUCACGCCGAAAAAGUUGCUGAGAAGUGGGAAAAAACCACUUCCGGCAACAAAGCGAGCCCAUCGCCGAAAAAAGGUGAUGAGGUUUGCAAAAAAGGCGUGGCAAAGCGUGACCCAAAAGGAAAAAACUUUUGGAAGUCGCGCAAACUUGGAAACGGG,0.005649399521312509
square,((((((((((((((((((((((((((...))))))....)))))))....))))))....))))))),GUAUUUGCCUUACCUUUCCCCGAUGGAAACCAUUGAAAAGGGAAAGAAAAGUAAGGAAAACAAGUAC,0.011083937500833202
Six legd turtle 2,.....((...((....))...((....))...((....))...((....))...((....))...((....))...))....................,AAAAAGGAAAGGGAAACCAAAGGGAAACCAAACGGAAACGAAAGGGAAACCAAACGGAAACGAAAGGGAAACCAAACCAAAAAAAAAAAAAAAAAAAA,0.09978725695181624
Small and Easy 6,(((((.....))..((.........))))),GCCCGGAAAACGAAGCGAAAAAAAAGCGGC,0.2979885991193102
Fractile,............((....))...((...((....))..((...((....))...))..((....))...))..((....))........................,AAAAAAAAAAAAGGGAAACCAAAGGAAACGGAAACGAAGGGAACGGAAACGGAACCAAGGGAAACCAAACCAAGCGAAAGCAAAAAAAAAAAAAAAAAAAAAAAA,0.08753503274980114
Six legd Turtle,.....((....((....))....((....))....((....))....((....))....((....))....((....))....))....................,AAAAAGGGAAAGGGAAACCAAAAGGGAAACCAAAACGGAAACGAAAAGCGAAAGCAAAAGGGAAACCAAAACGGAAACGAAAACCAAAAAAAAAAAAAAAAAAAA,0.08155749242398064
snoRNA SNORD64,((((((.....(((....(((...(((((.............)))))....)))..)))..)))))),CUGAACGAAAAGGGGAAAGGGGAAGAGGGGAAAAAAAAAAAACCUUCGAAACCCGACCCGAGUUCAG,0.07260344303299267
Chalk Outline,.....((((.(((((....)).))).(((.(((....)))))).((((((....)).)))).(((((....))).)))))).......................,AAAAAGGGCAGCCGGGAAACCAGGCACCCAGGGGAAACCCGGGAGCCCCGGAAACGAGGGCAGGCGGGAAACCGACCGCCCAAAAAAAAAAAAAAAAAAAAAAA,0.3193109384595056
InfoRNA bulge test 9,(((((((.(.(.(.(((((((....))))))))))))))))),GCUAUUGAGAGAGAGCUGCCGGAAACGGCAGCCCCCAAUAGC,0.03505635128118278
Tilted Russian Cross,.....((((((((....))))((((.((((....))))(((((....))))).((((....))))))))((((....))))))))....................,AAAAAGAACCUUGGAAACAAGGGCGAGUCGGAAACGACGUAUGGAAACGUACAGGGCGAAAGCCCCGUCGAGGGAAACCUCGUUCAAAAAAAAAAAAAAAAAAAA,0.1577825760158445
This is ACTUALLY Small And Easy 6,................................................................................................................................................................................................................................................................................................................................................................................................................,AAAAAAAAAAAAAAAAAAAAAAAAAAAAAAAAAAAAAAAAAAAAAAAAAAAAAAAAAAAAAAAAAAAAAAAAAAAAAAAAAAAAAAAAAAAAAAAAAAAAAAAAAAAAAAAAAAAAAAAAAAAAAAAAAAAAAAAAAAAAAAAAAAAAAAAAAAAAAAAAAAAAAAAAAAAAAAAAAAAAAAAAAAAAAAAAAAAAAAAAAAAAAAAAAAAAAAAAAAAAAAAAAAAAAAAAAAAAAAAAAAAAAAAAAAAAAAAAAAAAAAAAAAAAAAAAAAAAAAAAAAAAAAAAAAAAAAAAAAAAAAAAAAAAAAAAAAAAAAAAAAAAAAAAAAAAAAAAAAAAAAAAAAAAAAAAAAAAAAAAAAAAAAAAAAAAAAAAAAAAAAAAAAAAAAAAAAAAAAAA,1.3234889800848443e-15
Shortie 4,((....)).((....)),GCGAAAGCGGCGAAAGC,0.23214418142778953
Shape Test,.....(.((((..(((((........)))))..(((.(((.(((((.....))))).((((....)))).))))))..)))).)....................,AAAAACGGGUCAAGACCGGAAAAAAACGGUCAAGCGAGAGAGUCUGGAAAACAGACAGUUGGAAACAACACUCCGCAAGACCGGAAAAAAAAAAAAAAAAAAAA,0.21387084552750096
The Minitsry,(((.....(((.....(((.....(((.....(((........))).))).))).))).))),CUGGAAAACCCGAAAACGCGAAAACCCGAAAACCCGGAAAAAAGGGGGGGGGCGGGGGGCAC,
stickshift,..((((((((.....)).))))))..,AAGGCGACCCGAAAAGGAGUCGCCAA,0.002233882961232205
U,.....(((((.(.(.((.(.(((((((((....))))))))))))))))))).....,AAAAAGUAAGAGAGAGGACAGCUGCUGAGGAAACUCGGUAGCGCCCCCUUACAAAAA,0.03628085424755085
Still Life (Sunflower In A Vase),...((((..(((((.....)))))..(((((...)))))..(((((.....)))))..(((((...)))))..(((((.....)))))..(((((.....))))).((((((((((((((((((((((((((((......))))).(((((.............((((.........................................)))).............)))))(((((....))))).)))))))))))))))))))))))..(((((.....)))))..(((((.....)))))..(((((.....)))))..(((((.....)))))..(((((....)))))..(((((.....))))).))))...,AAACUAGAAGCCCGGAAAACGGGCAACGAUGAAACGUCGAAGUUAGGAAAACUAACAACUAAGAAACUUAGAAGAUACGAAAAGUAUCAAGGUCGGAAAACGACCACGCUGUAGAGAAUCAUAGUAAGCCCGAGGAAAAACUCGGAGCGAGGAAAAAAAAAAAACACGGAAAAAAAAAAAAAAAAAAAAAAAAAAAAAAAAAAAAAAAACGUGGAAAAAAAAAAAACUCGCCGAGGGAAACUUCGAGCUUACUAUGGUUCUCUAUAGUGAACGCUGGAAAACAGCGAAGUGGGGAAAACCUACAAGAGGGGAAAACUUUCAAGGAGGGAAAACCUCCAAGUACGGAAACGUACAACGGGGGAAAACCCCGACUGGAAA,0.08253647041561848
Quasispecies 2-2 Loop Challenge,.....((((((((..((((....))))..)))).((((..(...)..)))).((((..(..(((.....)))..)..))))))))....................,AAAAAGAACCGCCAACUGGGAAACCGGAAGGCGAGUGGAACAAAGAACCACAGGCCAACAACGCGAAAAGCGAAGAAGGUCGUUCAAAAAAAAAAAAAAAAAAAA,0.12728926765240137
Corner bulge training,.(((((((((((...)))))....)))))).,AGUUUUCCACUCAAAGGGUGAAAAGAAAACA,0.023687055064269325
Spiral,.....((((.((((((.(((.(((((.((((.((((.((.((.((.((.((.((.....)))))))))))))))))))))))))))))))))))))).....,AAAAAGCUGAGGUGCGAGGGAGCCAGACGCCACUUGAGGAGGAGGAGGAGCAGGGAAAACCGCCCCCCCCCCAGGGGCGCUGGCCCCCGUGCCCAGCAAAAA,0.004350663746468118
InfoRNA bulge test,.............................((((......((((....((((...((((..((((.((((.....)).)).)).))..)).))...)).)).....)).))......)).)).,AAAAAAAAAAAAAAAAAAAAAAAAAAAAAGCCCGAAAAAGCCCGAAACCCGGAACGCGAAGGCGGGCCGGAAAACGAGCGCGACCAACGACGGAACGAGGGAAAAGGAGCGAAAAAGGAGCA,0.07747562977082251
Worm 1,.......(.(.(.(.(.((.((.(....).)).)).).).).).),AAAAAAAGGCGGGGGGGGGGCGGCGAAAGGCGGCCGCGCGCGGGC,0.3315853658768242
just down to 1 bulge,.....((((.(((((....))))).(((....))).)).))....((((.(((....))).(((....))).))))....................,AAAAAGGCGAGUAGCGAAAGCUACAGGGGAAACCCACGACCAAAAGUAGAGUGGAAACACACUGGAAACAGACUACAAAAAAAAAAAAAAAAAAAA,0.2213588750094583
Iron Cross,.(((.(((...(((.(((...))).(((....))).)))...(((.(((....))).(((...))).)))...(((.(((....))).(((...))).)))...))).(((...))).)))..,AGACACGGAAACCCGCCCAAAGGGAGCCGAAAGGCAGGGAAACCCAGUGGAAACACACCCAAAGGGGGGGGAACGCAGUGGAAACACAGAGAAACUCAGCGAAACCGAGGCAAAGCCAGUCAC,0.3742374077288616
loops and stems,.....(((((((...((((...((((...((((.........(((((............)))))...))))....((((..........))))...))))...(((........)))...))))..((......))...))))))).....,AAAAAGAAAUGGAAACAGGAAAGUUGAAAGUGGGAAAAAAAAGCAUGGAAAAAAAAAAACAUGCAAACUACAAAAGGGGGAAAAAAAAACCCCAAACAACAAAGCCGAAAAAAAGGCAAACCUGAAGCGAAAAAGCAAACCAUUUCAAAAA,0.2700788352774038
Water Strider,.....((.((..(((((.(((....)))(((....)))))).....((((((....)))(((....))).)))))..)).)).....................,AAAAAGGGGGAACGCGCACCCGAAAGGGGGGGAAACCCGCGAAAAAGGCCAGGAAACUGGAGGAAACUCAGCCCGAACCGCCAAAAAAAAAAAAAAAAAAAAC,0.4120139495088322
The Turtle(s) Move(s),...((....))....(((((((((.........)))))))))....((((.....)))).....(((....)))...(((((.......)))))....(((...((....)).....(((....)))....((((((.......))))))....(((....))).....((((((....(((.......)))..(((........)))...(((((......)))))...((((.....))))..)))))).........((....)).....((....))......(((((..........)))))......))),AAACGGAAACGAAAAGUAAUUGUGGAAAAAAAACGCAAUUGCAAAAGUCGGAAAACGACAAAAAGCGGAAACGCAAAGUUCGGAAAAAACGAACAAAAGGCAAAGCGAAAGCAAAAAGGGGAAACCCAAAAGAUAUGGAAAAAACAUAUCAAAACAGGAAACUGAAAAAGGUGGGGAAAGUGGAAAAAACGCAACUGGAAAAAAACAGAAAGGCUGGAAAAACAGCCAAAGCCCGAAAAGGGCAACCCAUCAAAAAAAAACGGAAACGAAAAAGGGAAACCAAAAAACUCGGGAAAAAAAAACUGAGAAAAAAGCC,0.041894062879817104
Adenine,(((((.((((((.((((((.((((((.((((((.((((((....((((((......)))))).)))))).(((((...(((((((...)))))))))))).)))))).((((((((((((...)))))))...))))).))))))....))))))....))))))....))))),CAGGCGGUUGCCGGUCUGGGGCAGUGAGUGUUCAGAUUUGGAAAGGCCAGGAAAAACUGGUCGCAAAUCACGAUGAAAGUGAUCCAAAGGAUCGCCAUCGAGAGCGCAGUCCGGAUUGGGAAACCCAAUCAAACGGACACACUGCGAAACCAGACGAAAGGCAGCGAAAGCCUG,0.008111950628878888
Tripod5,..((((((((.....))))((((.....))))))))..,AAGCCUCUUGGAAAACAAGCCAGGAAAACUGGGGGCAA,0.36184656593160575
Shortie 6,((....)).((....)).((....)).((....)),CGGAAACGACGGAAACGAGCGAAAGCAGGGAAACC,0.1970798387938695
Runner,.....((((.((((.....((((...)))).))))...(((..((((((...)))...)))((((((...)))...))).)))...(((...(((....))).))).)))).....,AAAAAGCACAGACGGAAAACAUGAAACAUGGCGUCAAAGGGAAGUCCUCAAAGAGAAAGACGUGCAGAAACUGAAACACACCCAAACGCGAAGGCGAAAGCCGGCGAGUGCAAAAA,0.3310323556580189
Recoil,.....(((((..((..((..(((..(((..((..((...)).)).))).))).)).)).))))).....................,AAAAAGCUCCGAGCGACGGAGUGGAGCCGAGCGAGCAAAGCGGCGGGCGCACGCGGGCGGGAGCAAAAAAAAAAAAAAAAAAAAA,0.05925542324614309
[CloudBeta] An Arm and a Leg 1.0,.....(((.(((((....)).)))(((.((....))))).)))....................,AAAAAGACACACGGGAAACCAGUGGUCAGGGAAACCGACAGUCAAAAAAAAAAAAAAAAAAAA,0.19732425738413578
[CloudBeta] 5 Adjacent Stack Multi-Branch Loop,(((((((((....))))(((((....)))))(((((....)))))((((....))))))))).,GUGCCCAAGGAAACUUGGGCGGGAAACCGUCCUCUGGAAACAGAGGAAGGAAACUUCGGCACA,0.4682157539107473
Triple Y,.....((((((((((((....))))((((....))))))))((((((((....))))((((....))))))))))))....................,AAAAAGAACGCCUCGAGGAAACUCGGUUGGAAACAACAGGCGGUCCAGGGAAACUUGGUGCGAAAGUACGAUCGUUCAAAAAAAAAAAAAAAAAAAA,0.27166566844843193
Misfolded Aptamer,((((......(((((...))).((....)).........)).....)))),GUUGGAAAAAGGCGGAAACCGAGGGAAACCAAAAAAAAACCGAAAACAAC,0.35558044727742794
Flower power,.....((((((((...)))).((((((((...))))..((((...))))..((((...)))))))).((((...))))))))....................,AAAAAGCUCCCGCAAAGCGGAGCCCGGUCAAAGACCAAGUGGAAACCACAAGCCGAAACGGCGGGCAGCGGAAACCGCGAGCAAAAAAAAAAAAAAAAAAAA,0.20238394075129978
Kudzu,.....(((.(..(.(((((.((((.((...)))).))))((((((...)).))))..(((...)))...))).)..).)))....................,AAAAAGAGGGAAGGGACCGAGCCCAGGAAACCGGAGCCGGCCCCGAAACGAGGGCAAGGGAAACCCAAAGUCGCAACGCUCAAAAAAAAAAAAAAAAAAAA,0.28157143596098155
"1,2,3and4bulges",.....((((.(((((....))....))).(((....))).)).)).....((((.((((....))...)).(((....))).))..))....................,AAAAAGCCCAGCCCCGAAAGGAAAAGGCAGUGGAAACACAGGAGCAAAAACCCCAGCCCGGAAGGAAAGCAGAGGAAACUCAGGAAGGAAAAAAAAAAAAAAAAAAAC,0.25923222794304324
medallion,((((((.((((((....)))))).(((....))).(((....))).((((((....)))))).(((....))).((((((....)))))).(((....))).(((....))).((((((....)))))).(((....))).((((((....)))))).(((....))).(((....))).((((((....)))))).(((....))).((((((....)))))).(((....))).(((....))).((((((....)))))).(((....))).((((((....)))))).(((....))).(((....))).((((((....)))))).)))))),GGGCUGAGAGCUCGAAAGAGCUCAGGGGAAACCCAGUGGAAACACAGUGUUGGAAACAGCACAGACGAAAGUCACGCCCGGAAACGGGUGACGGGAAACCGAGAGGAAACUCAGUCCUCGAAAGAGGGCAGGGGAAACCCAGAGUUGGAAACAACUCAGUGGAAACGCAGCGGAAACGCAGUUCUCGAAAGAGGACAGAGGAAACUCAGCUAGGGAAACCUAGCAGUGGAAACGCAGUGGAAACACAGUAGAGGAAACUCUGCAGCGGAAACGCAGAUAUGGAAACAUAUCACUGGAAACGGAGUGGAAACACACAUGCGGAAACGCAUGACAGCCC,0.0510886326195239
[RNA] Repetitious Sequences 8/10,((......((......))......(((......((......))......((......))......)))......)).....,CCGAAAAAGGGAAAAACCAAAAAAGUCGAAAAACGGAAAAACGAAAAAAGGGAAAAACCAAAAAAGACAAAAAAGGAAAAA,0.1788071661669388
Documenting repetitious behavior,.......((.........((.........((.........((.........((.........((.........((.........((.........((.........((.........((.........((.........((.........((.........((.........((.........((.........((.........)).........)).........)).........)).........)).........)).........)).........)).........)).........)).........)).........)).........)).........)).........)).........)).........)).........))......,AAAAAAACGGAAAAAAAAGGGAAAAAAAAGGGAAAAAAAAGGGAAAAAAAAGGGAAAAAAAAGCGAAAAAAAAGGGAAAAAAAAGGGAAAAAAAAGCGAAAAAAAAGGGAAAAAAAAGGGAAAAAAAAGGGAAAAAAAAGGGAAAAAAAAGGGAAAAAAAAGGGAAAAAAAACGGAAAAAAAAGCGAAAAAAAAGCGAAAAAAAAGCGAAAAAAAAGCGAAAAAAAACGGAAAAAAAACCGAAAAAAAACCGAAAAAAAACCGAAAAAAAACCGAAAAAAAACCGAAAAAAAACCGAAAAAAAAGCGAAAAAAAACCGAAAAAAAACCGAAAAAAAAGCGAAAAAAAACCGAAAAAAAACCGAAAAAAAACCGAAAAAAAACCGAAAAAAAACGAAAAAA,0.18668503105224465
7 multiloop,(((((((((....)))))(((((....)))))(((((....)))))(((((....)))))(((((....)))))(((((....))))))))),GUGCCGAGGGAAACUUCGGUUUGGAAACAAGCCGUCGGAAACGACGGUAAGGAAACUUGCGGGUGGAAACACUCGCUGCGAAAGCAGCGCAC,0.2862990198134017
Kyurem 7,.....((((((((((....)))(((....((((.(((.....))).((((((......)))...))))))))))))).))))....................,AAAAAGGACCAUCGGGAAACCGGCGGAAAGCCCAGCGGAAAACGCAGUCCGGGAAAAACCGAAAGACGGGCCGCAUGAGUCCAAAAAAAAAAAAAAAAAAAA,0.3292387419758319
JF1,(((((((((((.(((((..(((((....((((((..(((((...(((((..((((((.((((((((((((((....))))))))))))))..(((....))).(((((((((....)))))))))..(((((....))))).)))))).))))).))))).))))))...((((((((.....))).)))))..((((((((((((((((((((((((....)))))))))))))).))))))))))...(((((......)))))((((((((((....))))))))))...((((....))))..)))))..))))).((((.(((.(((....)))))))))).(((((((((....))))).)))).)))).))).))))...,GUACCUCCUGCAGGGUGAAGCUGGGAAACUUUGGGAGGUCCGAAGUAAGGAGAGUUGAGUUUAGUGGUUUUGGAAACAAGAUUACUGAGCAAGCGGAAACGCAGCAUAAUUGGAAACGGUUAUGCAAGGUGGGAAACCAUCACGACUCGCUUACGGGAUCGCCAAGGAAAGGGACCGGGAAAACCGAGUCCCAAGAAGACUAUCCCCGUGUUGUGAUGGAAACGUUGUAAUGCGGGAGGUGGUCUUCAAACUGCGGAAAAACGCGGGAUACGGGACGAAAGUUCUGUGUCAAAGCUGGAAACAGCAACUAGCAACACCCAGCUGAGGCAGGCGAAAGCCGCCCGGCAGAACCUUGGGAAACUAAGAGUUCAGCAGAGAGAGUACAAA,0.0059447099510954084
multilooping fun,(((.(..((.((....)).((....)).))..).(....).))),CCCACAACCACCGAAAGGAGGGAAACCAGGAAGACGAAAGAGGG,0.42210688262959123
Multiloop...,((((.((((.(((....))).(((....))).(((....))).(((....))).(((....))).(((....))).)))).(((((......)))))(((....))))))),GCCGAGCACAGACGAAAGUCACUGGAAACAGAGUGGAAACACAGACGAAAGUCACUGGAAACGGAGCGGAAACGCAGUGCAGCCCGGAAAAACGGGCGCGGAAACGCCGGC,0.20476726673264767
hard Y,.....((((((.((((((((....))))))).)))((((((((((....)))))))))))))).....,AAAAAGUCGGGACCAGUUUGGAAACAAGCUGAGCCCUCUAACCGGGAAACCGGUUAGGGCGGCAAAAA,0.20744407945925583
Mat - Elements & Sections,.....((((.(...(.((((.(.((((.((.((((.((.(((....))).).)))))).).))))....).)))).)...).))))....................,AAAAAGUUGGGGAAGGGGGGGGGGCGCGGCAGGGGACCGGUGGAAACGCGGAGCUCCGACGGCGCGAAACGCCCCGCGAACGCAACAAAAAAAAAAAAAAAAAAAA,0.10725673588113946
Chicken feet,.....((.((.((...)).((....))...)))).((.((.((...)).((....))...)))).....,AAAAAGGACGAGCAAAGCAGGGAAACCAAACGCCAGGAGCAGGAAACCACCGAAAGGAAAGCCCAAAAA,0.36067424492949196
Bug 18,.((.((.((.((..((..((.((...))..)).)).))..))..))....)).,ACCGCCGCCGCCGACGGACCGCCAAAGGGAGGGCGGGGGAGGGAGGGAAAGGC,0.6179629667280799
Fractal star x5,.....((((((((..((((....))))..((((....))))..((((....))))..((((....))))..)))))))).....((((((((..((((....))))..((((....))))..((((....))))..((((....))))..)))))))).....((((((((..((((....))))..((((....))))..((((....))))..((((....))))..)))))))).....((((((((..((((....))))..((((....))))..((((....))))..((((....))))..)))))))).....((((((((..((((....))))..((((....))))..((((....))))..((((....))))..)))))))).....,AAAAAGGGUAGGGAACCUGGAAACAGGAACUCGGAAACGAGAAGCUGGAAACAGCAACCAGGAAACUGGAACUCUAUCCAAAAAGAACAGGGAAGUUGGAAACAACAAGUUGGAAACAACAAGAACGAAAGUUCAAGUCGGAAACGACAACCUUGUUCAAAAAGCUUGUUGAAGGGGGAAACUCCAAGUGCGAAAGCACAAGCAGGAAACUGCAAGCGGGAAACUGCAACAACAAGCAAAAACCUUGGGGAAGCCGGAAACGGCAAGUUCGAAAGAACAAGGGGGAAACCCCAACGGGGAAACCCGAACCUCAAGGAAAAAGGUGUAUGAAGGUGGAAACACCAAGGGCGAAAGCCCAACACGGAAACGUGAAGUAGGAAACUGCAACAUGUAUCAAAAA,0.08509019494262936
Crop circle 2,((...((....((.....((.........((..............................))...............)).........)).......))....))....,GGGAAGGGAAACCGAAAAGGGAAAAAAAACCGAAAAAAAAAAAAAAAAAAAAAAAAAAAAAGGAAAAAAAAAAAAAAACCGAAAAAAAAGGGAAAAAACCGAAACCAAAA,0.18765027090447042
Branching Loop,.(((((........)((((....))))..)))).......,AGCUCCGAAAAAAAGGCCGGAAACGGCAAGAGCAAAAAAA,0.11757738098060104
Bug 38,.((.((.((..((.(...).)).))..))....)).,ACCGCCGGCGACCGCAAAGGGGGGCGAGGGAAAGGC,0.5917176404933092
Simple Single Bond,......(......((((.....))))......)......................,AAAAAACGAAAAACUGGGAAAACCGGGAAAAAGAAAAAAAAAAAAAAAAAAAAAA,0.049646782355994554
Taraxacum officinale,((((....).))).((((....).))).((((....).))).((((....).))).((((....).))).((((....).))).((((((((((((((((((((((...)))).))))))).(((((..((((((((((..(((((((...))))))).))))))))))((((.((((((...)))))))))))))))...))))))))))).((((....).))).((((....).))).((((....).))).((((....).))).((((....).))),GUGCGAAAGACACACCCCGAAAGAGGGAGUCCGAAAGAGACACACCGAAAGAGUGAGGCCGAAAGAGCCAGACCGAAAGAGUCAGGUCUUUAUCCGAGUUUCCUAGAAACUAGAGAAGCUCAGCCUGAAGGAAUGAAGGGAGUGAUCGAAACGAUCGCGCCUUCGUUCCGAUGAGCAACGAAACGUUGCCAUCCGGGCAAAGGAUAGAGACCAGUCCGAAAGAGGCAGCGCGAAAGACGCAGGGCGAAAGACUCACCCCGAAAGAGGGAGGGCGAAAGACCC,0.12602993521571346
Headless Bug on Windshield,.((.((.....(((((...((.(((.........................))).))...))).))...)).)).(((..(((..((.......((....)).......)))))......))).(((((.......(((..((..(((..((.(((...............)))..))..)))..)).)))..))..))).,ACCGCGGAAAAGCCCCGAAGCGGCCGAAAAAAAAAAAAAAAAAAAAAAAAGGCGGCGAAGGGAGCGAACGGGGAGGGGAGACAAGCGAAAAAAGGGAAACCGAAAAAAGCGUCGAAAAACUCAGUCCCGAAAAAAGCGGAGGAAGGCAAGGGCAGGAAAAAAAAAAAAAACUGGACCAAGCCAACCGCGCGAGGAAGACC,0.15985538803047517
Pokeball,...(((((((....((..((..(((..((..((..((..((..((..((...)).))..)).)).))..)).))).)).)))))))))........(((((((....((..((..(((..((..((..((..((..((..((...)).))..)).)).))..)).))).)).)))))))))...,AAAGUUCAUCGAAACCGAGCGAGUGGACGAAGCGAGCGACGAAGGGACGAAACGGCCAACGGGCGGCAACGGCACGGCGGGGAUGAACAAAAAAAAGUUCACGGAAACCGACCGACAGGACGAACGGACCGAGCAAGGGACGAAACGGCCAAGCGGGGCGAACGGCUGGGGGGGCGUGAGCAAC,0.13987592355947012
Variation of a crop circle,....((....((....((....((..((..((...))..))....))......)).......)).........)).............,AAAACCGAAACCGAAAGCGAAAGGGAGGAAGGAAACCAACCGAAACCGAAAAAGCGAAAAAAGGGAAAAAAAAGGAAAAAAAAAAAAC,0.28018741189881874
Loop next to a Multiloop,..((((((((.......(.((((((....)))))).(((((((....))))))).).......))))))))..,AAGCUUUCAGGAAAAAACAGUCCCCGAAAGGGGGCAGUUGAUGGAAACAUCAACAGGAAAAAACUGGGAGCAA,0.027726145162732852
Snowflake 4,((((...))))(((((((....))(((((..(((((((....))(((((((((...))))..((((...)))))))))((....)))))))..(((((((....))(((((((((...))))..((((...)))))))))((....)))))))..(((((((....))(((((((((...))))..((((...)))))))))((....)))))))..(((((((....))(((((((((...))))..((((...)))))))))((....)))))))..(((((((....))(((((((((...))))..((((...)))))))))((....)))))))..)))))((....)))))))((((...)))),GGCGAAACGCCGUCGUCCGAAGGGCCCCCAAGAUCUGGGAAACCGUCCCCCAGAAACUGGAAGUGGAAACCACGGGGCCCGAAAGGGGAUCAAGUAGGCCGAAAGGCUGAUGGGGAAACCUCAACUACAAAGUAGAUCAGCCGAAAGGCCUACAACCCCCCCGAAAGGCCCCCCCCCAAAGGGGAAGGGCAAAGUCCGGGGGCCGAAAGGGGGGGAACCCCCCCGAAAGGCCCCCCCCCAAAGGGGAAGCAGAAACUGCGGGGGCCGGAAGGGGGGGAACCCCCCCGGAGGGCCCCCCCUCAAAGGGGAACCCCGAAGGGGGGGGGGCGAAAGCGGGGGGGGGGGGCCGAAAGGACGACGAAGAAACUUC,0.431687915197355
Mat - Cuboid,(..((....((..((....((..((....(..((..((....((..((..((....(..((..((..((....((..((..((..((....((..((..((..((..((....((..((..((..((..((....((..((..((..((..((..((....((..((..((..((..((..((....((..((..((..((..((..((......))..))..))..))..))..))))..))..))..))..))..))))..))..))..))..))..))))..))..))..))..))))..))..))..))..))))..))..))..))))..))..))..)))..))..))))..))..)))..))))..))))..),CAACCGAAACGAAGGGAAACCAACCGAAACAACCAACCGAAAGGAAGGAAGGGAAACAAGCAAGGAAGCGAAAGGAAGGAAGCAAGGGAAACGAAGGAAGGAAGGAAGCGAAAGCAAGCAAGGAACGAACGGAAACGAAGGAAGGAAGGAAGGAAGGGAAACGAAGGAACGAAGGAACGAAGCGAAACGAACGAAGGAAGGAAGCAACGGAAAAACGAAGCAACCAACCAACGAACGGCAACGAACCAACGAACCAACGCCAACCAACCAACCAACCAACGCGAACGAACCAAGCAAGCGCAACCAACCAACCAACGCCAAGCAACCAACCGCAACCAAGCAAGCCAACCAACCGGAAGGAAGGGAAGGCCAACGGGAAG,0.14385607746173254
Misfolded Aptamer 6,......(((......((((..(....(((........)))....).....)))).......)))...........,AAAAAAGGCGAAAAAGGUGGAGGAAAGGGGAAAAAAACCCGAAACGAAAACAUCGAAAAAAGCCAAAAAAAAAAA,0.04880444421027563
Snowflake 3,(((((....)).((((((....)))..((((.((((..(((....)))(((.((....))(((...)))((....)).)))(((....)))..)))).((((..(((....)))(((.((....))(((...)))((....)).)))(((....)))..)))).((((..(((....)))(((.((....))(((...)))((....)).)))(((....)))..)))).((((..(((....)))(((.((....))(((...)))((....)).)))(((....)))..)))).((((..(((....)))(((.((....))(((...)))((....)).)))(((....)))..)))).))))..(((....)))))).((....))))),CAGCCGAAAGGACGCCAGGAAACUGGGCCCCACCCCAAGUGGAAACACGGCACCGAAAGGCGGAAACUGCCGAAAGGAGCCCACGAAAGUGAAGGGGGCCCCAAGUCGAAAGACCUGACCGAAAGGCUGAAACAGCCGAAAGGACAGGCGGAAACGCAAGGGGAGCCGAAGUGGAAACACGAGACCGAAAGGGUGAAACGCCCGAAAGGACUCCUCGAAAGAGAACGGCACUAGAAGCCGAAAGGCGAGACCGAAAGGGUGAAACACCCGAAAGGACUCGGGGAAACUCAACUAGAGGCCAAGCGGAAACGCGGCACCGAAAGGGGGAAACCCCCGAAAGGAGCCCCGGAAACGGAAGGCCAGGGGGGGAGGAAACUCGCGGGGGAAACCCUC,
Hard Y and a bit more,.....(((((((.(((((....)))).)))(((((.((..((((....))))..(((((......)))))..)).))))))))))....................,AAAAAGCAUUCGACCUACGAAAGUGGAGCGGGAUGGGGAAGUUCGAAAGAACAACUUUCGAAAAAGGAAGAACCGCAUUCAAUGCAAAAAAAAAAAAAAAAAAAA,0.40044188814132736
Mat - Lot 2-2 B,((..(((..((((..((....((..((((....))....))..))))..))....))..))((..((..((..((((..((....((..((((..((....((....))))..))....))..))))..))((..((..((....))((..((((..((....((..((((....))....))..))))..))....))..))))..))..))..))((..((....((..((((..((....((....))))..))....))..))))..))))..))..)..)),CCAACCCAACCCCAACCGAAACCAACCCGGAAACGAAAAGGAAGGGGAAGGAAAAGGAAGGCCAACCAACCAACCCCAACCGAAACCAACCCCAACCGAAACCGAAAGGGGAAGGAAAAGGAAGGGGAAGGCCAACCAACCGAAAGGCCAACCCCAACCGAAACCAACCCCGAAAGGAAAAGGAAGGGGAAGGAAAAGGAAGGGGAAGGAAGGAAGGCCAACCGAAACCAACCCCAACCGAAACCGAAAGGGGAAGGAAAAGGAAGGGGAAGGGGAAGGAAGAAGG,0.5126915946278711
Shapes and Energy,......(.((((.((((....(...((((.(....).))))...)))))..((......((((....)))))).)))).).....................,AAAAAAGGGGUGAGGCGGAAACGAAGUGGGGGAAACGCCACGAAGCGCCAACCGAAAAAGAUGGAAACAUCGGACAUCGCAAAAAAAAAAAAAAAAAAAAA,0.18493693697325073
Spiral of 5's,(....(((((...(((((...(((((....(((((...(((((...(((((..(((((....(((((...(((((...(((((..(((((...(((((...(((((..(((((...(((((..(((((..(((((..(((((..(((((.(((((.((((((((((.....))))).....))))).....))))).....))))).....))))).....))))).....))))).....))))).....))))).....))))).....))))).....))))).....))))).....))))).....))))).....))))).....))))).....))))).....))))).....))))).....))))).....)))))....).....,CGAAAGUCGGGAAGAAUGGAAGCGGCGAAAGGCUGGAAGAUGGGAAGAAAGGAGAGGCGAAAGUUAGGAAGCGCGGAAGAAAGGAGAUAGGAAGUUCGGAAGGGGGGAGAUCGGAAGACCGGAGGUGGGAGAGUCGAGGUUGGACACUCGCAUUGGGAAUCGGAGGGAAAACCUCCAAAAAGGUUCGAAAACGAUGGAAAAGAGUGGAAAACAACCGAAAAGGCUCGAAAACUACCGAAAACGGUCGAAAACGAUCGAAAACCCUCGAAAACGAACGAAAACUGUCGAAAACUUUCGAAAACGCGCGAAAACUAACGAAAAGCUUCGAAAACUUUCGAAAACUAUCGAAAACAGCCGAAAAGCCGCGAAAACAUUCGAAAACCGACGAAAGAAAAA,0.02835853944263731
Campfire,....((((..(((((..((((..((((.....))))((((((...))).)))))))((((((.((.((.(((((....)).)))))))(((((.((.((.((....))))))(((((.(((....)).))).)))..)).)))))).))))))))(((.(((.(((.((((....))))))))))((((((((...))).)).))).))))))),AAAACCCGAAGCCGCAAGUCCAAGCAGGAAAACUGCGGCCCCAAAGGGAGUCGGACGUCGUGAGGAGCAGUCCGGAAACGAGACGCCCGUCCGAGGAGGAGCGAAAGCCCCCGUCGCACGGGAAACCAGGCAGACAACGAGACCACAGACGCGGCGCGAGCGAGCGAGUAGGAAACUACCGCCGCGUCCCCUGAAACAGAGGAGACACGCCGGG,0.491005033615126
Anemone,...((((((....))))))(((((....)))))((((((....))))))(((((....)))))((((((....))))))(((((....)))))(((((....)))))((((((....)))))).(((((....)))))((((((....))))))(((((....)))))((((((....))))))(((((....)))))((((((....)))))),AAGGAACUGGAAACAGUUCGUGGGGAAACCUACGCGGUGGAAACACCGCCGUCGGAAACGACGGGGUCGGAAACGACCCGGUAGGAAACUGCCGUGGGGAAACCCACGAGUCGGAAACGACUCAGCUCGGAAACGGGCGUAGUCGAAAGACUGCGGAGGGAAACUUUCGUCAUGGAAACAUGGCCUGUGGAAACGCAGCGGCCGGAAACGGUCG,0.011247637486035389
Fractal 3,.....((((.(((.((....))((....)).))).(((.((....))((....)).))).(((.((....))((....)).))).(((.((....))((....)).))).)))).....,AAAAAGUGGACCCGCCGAAAGGCCGAAAGGAGGGACCCACGGAAACGCCGAAAGGAGGGACGGAGCGAAAGCGGGAAACCACCGACCCAGCGAAAGCGCGAAAGCAGGGGCCGCAAAAC,0.4785238174008358
Kyurem 5,.....((((((((((....)))(((....((((((((...(((.....)))))))(((......))).))))))))))..))))....................,AAAAAGGGCCUACCCGAAAGGGCCCGAAACCCCCCCCAAACCCGAAAAGGGGGGGGCCGAAAAAGGCAGGGGGGGUAGAAGCCCAAAAAAAAAAAAAAAAAAAC,0.47131128096257585
Snowflake Necklace ( or v2.0 ),(((((((((((((((.(((((.((.....)).((.....)).((.....)).((.....)).((.....)).))))).(((.....))).(((((.((.....)).((.....)).((.....)).((.....)).((.....)).))))).(((.....))).(((((.((.....)).((.....)).((.....)).((.....)).((.....)).))))).(((.....))).(((((.((.....)).((.....)).((.....)).((.....)).((.....)).))))).(((.....))).(((((.((.....)).((.....)).((.....)).((.....)).((.....)).))))).))))))))))))))),GGUGUUCGUGGGGUGAGGGGGACCGAAAAGGACGGAAAACGAGGGAAAACCAGGGAAAACCACGGAAAACGACCCUCAGAGGAAAACUCAGCGGGACGGAAAACGAGCGAAAAGCAGGGAAAACCAGGGAAAACCACCGAAAAGGACUCGCAGUGGAAAACACAGUUUGAGCGAAAAGCAGGGAAAACCACGGAAAACGACGGAAAACGAGGGAAAACCACGAGCACAGGAAAACUGAGCUGCACCGAAAAGGACCGAAAAGGAGGGAAAACCACCGAAAAGGACCGAAAAGGAGUGGCACUGGAAAACAGACUAGGAGCGAAAAGCACCGAAAAGGAGGGAAAACCACCGAAAAGGAGGGAAAACCACCUAGACACCCCACGGACACC,0.35358966080618387
Methaqualone C16H14N2O Structural Representation,.......((((.((((.(((.(((....))).(((.(((....))).(((.(((....))).(((.(((....))).(((......))).))).))).))).))).(....).)))).((((...(((.(((...((....))........))).(((.(((....)))(((....)))(((....)))))).)))...((((.(....).(((.(((.(((.(((.(((...(((....))).))).(((....))).))).(((....))).))).(((....))).))).((((((....)))(((....))).(((....)))))).))).))))...)))).)))).......,AAAAAAACCCCACCCCGCCCGCGGGAAACCGACCCACAGGAAACUGACCCAGAGGAAACUCACCCAGAGGAAACUCAGGGGAAAAACCCAGGGGGGGAGGGAGGGGCGAAAGAGGGGAGCUGAAACCCAGGGGAAGGGAAACCGAAAAAAACCCACCCAGGCGAAAGCCCGGGAAACCGCCCGAAAGGGGGGAGGGAAAGCAGACGAAGGACCCGCCCAGUCAGUCAGAGGAAGCCGAAAGGCGCUCAGUGGAAACACAGACAGAGGAAACUCAGACAGAGGAAACUCAGGGGCCCGUCGAAAGACGUGGAAACACACUGGAAACAGGGGAGGGACUGCAAACAGCAGGGGAAAAAAC,0.4111776345829788
Cat's Toy 2,....((((((((....((..(...................)..(((...((....))...((....))........))).......))))))))))....,AAAAGCGGUGUGGAAACCAACGAAAAAAAAAAAAAAAAAAGAACCCAAACGGAAACGAAACCGAAAGGAAAAAAAAGGGAAAAAAAGGCACGCCGCAAAC,0.17729248879716497
Zigzag Semicircle,....(((((((((.((....))).)).).)))))....,AAAAGAUUCCCCCACGGAAACGGAGGAGAGAAUCAAAA,0.08116401779543823
Short String 4,......((.((..((..(...(.((.((....))))..)...(.((..((....))..))..)...).))..)))).....................,AAAAAAGGAGCAAGGGACAAACGCCACGGAAACGGGGAGAAACGCCAAGCGAAAGCAAGGGAGAAAGGCCAAGCCCAAAAAAAAAAAAAAAAAAAAC,0.28293717156883536
Gladius,((....))..(...(...(..(.(..(...(((.(((...((((....)))).((((((.((((((.((((((.((((((.((((((((((.((((((.(((((.((((.((((..((((...)))).))).)))))).))))).)))))).)))))))).)))))).)))))).)))))).))))))).)))...(((.(((((.(..((((.(..((((.(..((((.(..(((((((.((((((.(((((.((((((.(((.((((((....))))))..)))).)))).))))).)))))).)))))))).)..)))).)..)))).)..)))).)..))))).((((....))))...))).)))...)..).)..)...)...)..((....)),GGGAAACCAACGAACGAACAAGGGAACGAAGGGAGCCAAAGAUGGAAACAUCAGUUACGACCUGCGACGCCUGACCUCCGACCUCACCACCAGGCACCAGAUCCAGUCGACCGCGAGCUCAAAGAGCGGCGAGCGACGAGGUCGAGUGUCGAGUGGUGAGAGCGGGGAGCAGGCAGCGCGGAGCGUAACAGGCAAAGCGACUCACGCGAGAUCGCGAGAGGGCGAGUGGGCGACACUGGGACCCUUGACCGUGACCUCCCACCGGGGAAUGGAAACAUUCCGACGGGAGGAGAGCACGAGCAGGGAGCCCAGUGGGGACUGCGGGACCUCGGGAGAUCGGGAGUGGGAGUGCGAAAGCGCAAACGCACCCGAAGAACGCAAGGAAGGAAGAACCGAAAGG,0.2411741392829898
Thunderbolt,((..(((((........(.((..((.(.....(....).((((((((.........((......((((.....))))......))...((..((.......(..(......)..)..((..((.....((....)).((((.....(((.....(..((.(...).))..).....))).((((...(.......(..(.((...)).)..).......)...))))........)))).....((((((...)))))).))..))...........))..)).........(..((((....))((((((.....(........).....))))))..))..)...))))))))........).))..)).).....(.......).)))))..)).,GGAAGUUUGGAAAAAAACGCCAACCGCGAAAAGGAAACACACGUAUGGAAAAAAAAGGGAAAAAGUAGGAAAACUACGAAAAACCAAAGGAAGGGAAAAAACAAGGAAAAACAAGAAGCAAGGGAAAAGCGAAAGCAGAUGGAAAAGACGAAAAGAAGGGGAAACGCCAACGAAAAGUCAGUGGGAAGGAAAAAACAACGCGAAACGGGAAGGAAAAAACGAACCGCAAAAAAAACAUCAAAAAGUAUUGAAACGGUACACCAAGCAAAAAAAAAAACCAACCAAAAAAAAACAACCCGGAAACGGGCGUGGAAAAGGAAAAAAACGAAAACACGCCAAGGAAGAAACGUACGUGAAAAAAAAGGGGAAGGGGAAAAACGAAAAAAGACAAACAACCC,0.3089167445027088
Mutated chicken feet,.......((.((.((....)).((...))...)))).((.((.((....)).((...))...)))).((.((.((....)).((...))...)))).......,AAAAAAACCACCAGCGAAAGCACCAAAGGAAAGGGGACCACCAGCGAAAGCAGCAAAGCAAAGGGGAGGAGCAGCGAAAGCAGGAAACCAAAGCCCAAAAAAA,0.35697615183640924
Chicken Tracks,........(((((((((((....))))..((((....))))..((((....)))))))))))..(((((((...))))..((((...))))..((((...))))))).........,AAAAAAAACGUUUGUCCUCGAAAGAGGAAGAUGGAAACAUCAAGGACGAAAGUCCACGAACGAAGCGCUAGAAACUAGAAGCCGAAACGGCAAGUUGAAACAGCCGCAAAAAAAAA,0.28283861336268407
Looking Back Again,(((..(((((((.....((((((...)))))).))))..((((((..(((...)))))).(((((...((((....))))....)))))..)))..)))..(((((((.....(((((....)))))......)))((((((((((...)))))(((((...)))))((((((((..(..(..(..(..(..((((....))))..).)..))..).))(((....)))..))))))...))))))))).(((((.((((......(((((((........((((.....))))))))...))).))))((((......((((((((....))))))..(((((...)).(((((...)))))..)))))....)))))))))...))),CCCAACCCCCCCGAAAACAGGGGAAACCCCUGGGGGGAACUCGGGAACAGAAACUGCCCACUAGGGAACGGCGAAAGCCGGAAACCUAGAAGAGAAGGGAACCCCCAGGAAAAGAACGGAAACGUUCGAAAAACUGCCCCCCCAACAAAGUUGGCCCCCAAAGGGGGGUUUGGCCGGCAACAACAACGACAAGUGGGAAACCACAAGGGAAGGAAGGGGCCCGAAAGGGAACCAGACAAAGGGGGGGGGAGUAGCAGUCCGAAAAGCCCCGUGGAAAAAAACAAGGAAAACUUGCACGAAAGGGGGGACGUGGGAAAAACCCUUGGGGAAACCUAGGAGGGCCCAAAGGACCUCGAAACGAGGAAGCCGGGAAACCACGCUACAAGGGG,0.4055800650268768
Multilooping 6,..(((((((((((((....)))))(((((....))))))))((((((((....)))))(((((....)))))))))))))..,AACAUUUCCCCUCUGGAAACAGAGGGUAGGAAACUACCGGGCCCCAUGGGAAACCAUGCCCCCGGAAGGGGGGGGGAAUGAC,0.20474653190539452
Cesspool,((..(..((....))..(((.(..(.(((...)))..)..)..)))..(..(....)..).(..(....)..).....((....))..)..))..((..(..((....))..(((.(..(.(((...)))..)..)..)))..(..(....)..).(..(....)..).....((....))..)..))..((..(..((....))..(((.(..(.(((...)))..)..)..)))..(..(....)..).(..(....)..).....((....))..)..))..((..(..((....))..(((.(..(.(((...)))..)..)..)))..(..(....)..).(..(....)..).....((....))..)..)),CCAACAAGCGAAAGCAAGGCGCAACGGCGAAACGCGAGAAGGAGCCAACAACGAAAGAAGACAACGAAAGAAGAAAAAGGGAAACCAAGAAGGAAGGAACAAGCGAAAGCAACCCGCAAGGCCCAAAGGGGACAAGGAGGGAACAACGAAAGAAGACAACGAAAGAAGAAAAAGGGAAACCAAGAACCAACCAACAACGGAAACGAAGCCGCAACGCGGAAACCGGAGAAGGAGGCAACAACGAAAGAAGACAACGAAAGAAGAAAAAGGGAAACCAAGAAGGAACCAACAAGGGAAACCAAGAGGCAACGCGGAAACCGGAGAAGGACUCAACAACGAAAGAAGACAACGAAAGAAGAAAAACCGAAAGGAAGAAGG,0.26465807511153716
Hoglafractal,(.(((..(((((....(((((......))))))))))((((...((((.....))))))))(((..(((....)))))).(((...((((...((((......))))))))(((..(((.....))))))((.((....)))).((((....(((..(((......))))))((.((.....))))(((....))).(((((.....((.((......))))(((.....)))((....)).((((((......(((......)))((.....))...(((((((...))))))).......))))))......))))).....))))....)))...)))..)...(.((.((((....((....))((....))((((((...)))))).)))))).),CGCUCAAGGCUCGAAAGUCUGGAAAAACGGGCGGGCCGGGCAAAGAUGGAAAACAUCGCCCGUCAACGGGAAACUGGACACCGAAACCAGAAACAGCGAAAAAGCUGCUGGGGGAACUGGAAAACAGCCCCGACGGAAACGCGAGCUGGAAACCCAACCCGAAAAAGGGGGGGCACCGAAAAGGGCGUGGAAACACAGCUGGGAAAAGGAGCGAAAAAGCCCGUGGAAAACACCGGAAACGAGUCGUGGAAAAAGUGGAAAAACACGGGAAAACCAAACGAUCGCAAAGCGAUUGAAAAAAACAUGACAAAAAACCAGCAAAAACAGCAAAACGGAAAGAGGAGAAAGGGCAGAGGGAAAGGGAAACCGGGAAACCCAAACGAAACGUUUGACUUCGCGC,0.34342995506534624
Bullseye,...(((((((...))))..((((...))))..((((...)))))))........(((((((...))))..((((...))))..((((...)))))))........(((((((...))))..((((...))))..((((...)))))))........(((((((...))))..((((...))))..((((...)))))))...,AAACCCCCUGAAACAGGGGCCCCAAAGGGGAACUUGAAACAAGGGGAAAAAAAAGCGCUGGAAACCAGAAGGUGAAACACCAAGAUGAAACAUCCGCAAAAAAAAGAGCAUGAAACGUGAAGGUGAAACACCAAGCCGAAACGGCCUCAAAAAAAAGUCGGUCAAAGACCAACAUGAAACAUGAAGGGGAAACCCCGACAAC,0.34403824391465065
Shooting Star,(((((((((((((((((...(.(..((.(((.(((.((....).))).)))).).)..))..))))))).(((((..(.(..((.(((.(((((.(((.((((.((....).)))).))))).))).)))).).)..))..)((....))..))))(((((((((...))))).(((((...)))))(.(....).).)))).)))).((((.((((...(((((((...))))))).(((((...)))))))))(((((((...))))))).(((((...)))))))))((((..((....))(..((..(..(.(.(((.((((.((....).)))).)))).)..)..).))..))))).)))))).,GUCGCCCCCCCUCAUAGGAAGACAACGGGGGACCGACGGAAACAGCGAGCCCGCAGAAGCGACUAUGAGACGGCCAACACAACCGCCCACCGCCAGAGACCUGACGGAAACAGCAGAGCUCGAGCGAGGGGGGAGAAGGAAGGGGAAACCAAGCCGGUACCGCCGAAACGGUGAGCCCGAAACGGGCGGGGAAACGCAGUACAGGGGACCCCAGGGGAAAGACAGAGAAACUCUGUCAGCAUCAAAGAUGCCCUCGUUGCGGAAACCGCAGCAGGACGAAACGUCCGGGGCCCCAAGGGAAACCCAACCGACAACGCGCCCACCCCACCGAAAGAGGGGAGGGGGGGAGAAGGGGGAGGGGGAGGUGACC,0.43173856004356853
Teslagon,......((.......((.((.......((.((...............)).........((...............)).)).......)).((.......((...............)).......)).((.......((.((...............)).........((...............)).)).......)).((.......((...............)).......)).((.......((.((...............)).........((...............)).)).......)).((.......((...........((...............)).)).......)).)).......))......,AAAAAAGGGAAAAAAGGACGGAAAAAAGGACCGAAAAAAAAAAAAAAGGAAAAAAAAACCGAAAAAAAAAAAAAAGGACCGAAAAAACGACGGAAAAAAGGGAAAAAAAAAAAAAACCGAAAAAACGAGCGAAAAAACCACGGAAAAAAAAAAAAAACGAAAAAAAAACCGAAAAAAAAAAAAAAGGAGGGAAAAAAGCAGGGAAAAAAGGGAAAAAAAAAAAAAACCGAAAAAACCAGCGAAAAAACGACCGAAAAAAAAAAAAAAGGAAAAAAAAACCGAAAAAAAAAAAAAAGGACGGAAAAAAGCAGGGAAAAAAGCGAAAAAAAAAACCGAAAAAAAAAAAAAAGGAGCGAAAAAACCACCGAAAAAACCAAAAAA,0.19639266435449151
