puzzle_name,structure,rna,score
Simple Hairpin,(((((......))))),CACGGGGAAAACCGUG,1.000000
Arabidopsis Thaliana 6 RNA - Difficulty Level 0,(((((((....(((...........)))((((((((..(((((((((((((((((((...(((((......))))).)))))).)))))))))))))..))))))))..))))))),UCGCUGCAAAUUCCGAAAAAAAAAAGGACGGUAGCUUGGCUGGAUCGUAUCCGCACGGAAAGGCCGAAAAAGGCCUGCGUGCGAGAUGUGGUCCAGCUGAGCUACCGACGCAGCGA,1.000000
Prion Pseudoknot - Difficulty Level 0,((((((.((((....))))))).)))..........,ACGGAGUACGGGAAACCGUUUCGCGUAAAAAUAAAA,1.000000
Human Integrated Adenovirus - Difficulty Level 0,((((((((((((((.((((((...........((((((((((((.....((((((((....(((((((((((((........))))))))))....))))))))....))))))....)))))...((((((.......))))))))))............)))))).))))....))))))...))))...,GCGUCUCGCUAGGGGGGGGCAGAAAAAAAAAACCGCCGUACGCCUAAAGGUCGCGUAAAACGCUCACUCUGUCCGAAAAAAAGGGCAGAGUGCAAUAGCUACGCUAAGGACGGCUAAUGUACGAAGUGGCGCGAAAAAAGCGCCAGCGGAAAAAAAAAAAAUGUCCCGCUCUCAAAAGCGAGUAUAUGUAAG,1.000000
The Gammaretrovirus Signal - Difficulty Level 0,..(.(..((((((....))))))..).)......((((..(((.(((((((((....)))))....)))))))))))..((((((((....))))))))..,AGAGCUGGCGCCCGAAAGGGCGCUGGGUAGAGAAUGGAAUGUCAGGUCUCAGCGAAAGUUGAAAACGAUCGACUCCAAAUUCCUGCGGAAAUGCAGGAAAA,1.000000
Saccharomyces Cerevisiae - Difficulty Level 0,(((((((((((........)))).((...............))....(((((.......))))))))))))....(((((((..((((........))))(((.............)))....(((((.......))))))))))))....(((((((..((((........))))((((((.......))))))....(((((.......))))))))))))....(((((((..((((........))))((((((.......))))))....(((((.......))))))))))))....(((((((..((((........))))((((((.......))))))....(((((.......))))))))))))....,GACCGCCGAGCGAUCAAGAGCUCAGGGAAAAAAAAAAAAAACCAAAUGGUCGGAAAAAACGACCGGUGGUUAAAAACAGUCCUGCCCGGGAACAAAUGGGGCCGAAAAAAAUAAAAGGCGAAAUCUGGGAAAAAACCAGAGGACUGUAAAAAGCCGGGGAGUUCGAAAAGAAGGACCGGGAGGAAAAAACUCCCGAAAACAAGAGAAGAAAUCUUGCCCGGCUAAAAGCAAUGAGACUCGGAAAAAAACGAGGGCCACGAAAAAAGUGGCCGAACCGUGCGAAUAAAGCACGUCAUUGCAAAAAGAGUCUGGAGGUGAAAAAAAACCUGGGGCCAAAAGAAGGCCCCUGAACGCCCGAAAAAAGGGCGAGACUCUAAAA,1.000000
Fractal 2,.....((((((((...((((((((((..((((..........))))..((((..........))))..((((..........))))..))))))))))...((((((((((..((((..........))))..((((..........))))..((((..........))))..))))))))))...((((((((((..((((..........))))..((((..........))))..((((..........))))..))))))))))...)))))))).....,GAAAAGGCGAGCGGAAUGGGGCUGGGGAAACCGAAAAAAAAAGGUUAACUGCGAAAAAAGAAGCGGAAAAGGGAAAGAAAAACCUUAACUCAGCCCCAAAAUAUGGGUGACAACUACGAAAAAGAAAGUAGGAGGAAAAAAAAAAAAUUCCAGGCUGGAAAAAAAAACAGCACGUCACCCAUGAAAUCAACGUCACAACGCCAAAAAAAAAAGGCGAAGUGCGAAAUAAAAAGUACAAGGAUGAAAAAAAAAGUCCACGUGACGUUGAAAACGCUCGCCAAAAA,1.000000
G-C Placement,((((...)))).,CGCGAAACGCGA,1.000000
The Sun,(((.(((((((...))))..))))))...(((.(((((((...))))..))))))...(((.(((((((...))))..))))))...(((.(((((((...))))..))))))...(((.(((((((...))))..))))))...(((.(((((((...))))..))))))...(((.(((((((...))))..))))))...(((.(((((((...))))..))))))...(((.(((((((...))))..)))))),GGAUCGUAGUGAAACGCUUAACGUCUAAGUUGUCGAAGGCAAAGCCUAAUCGUAAAAAUAGUGGCGGGCAAAGCCCUGGCCCUAAAAACCGCGGCCUGAAACGGGAACCGGGUAACGGCAUACCUUAAAAUAAGAAGUAGCCAAACCCGUGCGCCGAAACGGCUGGCAGGGAAAGCCGCACAUGGAUACCAUUCGUGGGCAAACCACGGGACAGAAACUGUAACCCUGGGAACCUACGCACCCAAAGGGUAAGCGAGG,1.000000
Frog Foot,..........((((....))))((((....))))((((...)))),GAAAAAAAAAUCUCGAAAGAGACCGCGAAAGCGGGCCCAAAGGGC,1.000000
InfoRNA test 16,((((((.((((((((....))))).)).).)))))),ACUCAGGCUCACUAUGAAAGUGGUAGGUGGCUGAGU,1.000000
Mat - Martian 2,((((....))))...(((((((..(((((((.......))))))))))))))...((((((((......(((((((.(((((((.......))))))))))))))...((((((((((((((.......))))))).)))))))......))))))))...((((((((((((((.......)))))))..)))))))...((((....)))),CGCGGAAACGCGAACGGACGCCAACCCCAUCGAAAAAAGAUGGGGGGCGUCCAAAUACUCAGCAAAAAAUCACUAUUGGCGCCCGAAAAAAGGGCGCCGUGGUGGAAACCAGUGGAGCGGCCGAAAAGAGGCCGCUGUCACUGGAAAAAAGCUGAGUAAAAUCUCUGCGGCCAAAGAAAAGAUUUGGCCUUGCAGAGAAAACUAGGAAACUAG,1.000000
square,((((((((((((((((((((((((((...))))))....)))))))....))))))....))))))),GCAAUGAAACCGAUGCACUCGGAAGGAAACCUUCCAAAGGAGUGCACAAGUCGGUUAGAAUCAUUGC,1.000000
Six legd turtle 2,.....((...((....))...((....))...((....))...((....))...((....))...((....))...))....................,GGUCCGCAAAGUGAAAGCAGAGGGAAACUAAACCGAAAGGGUACCGAAAGGAAAUGGAAACGAAAACGAAAGUACAGCAAAGAAACAACAACAACAAC,1.000000
Small and Easy 6,(((((.....))..((.........))))),GGCGCGAAAAGCAAGGGAAAAAAAACCGCC,1.000000
Fractile,............((....))...((...((....))..((...((....))...))..((....))...))..((....))........................,GGAACCAAAAAAGCGAAAGCAACGCAAACCGAGAGGAACUAAGACGAAAGUAAGAGGCGAGAAAUCAAAGCAACGGAAACGGAAAAAAGAAACAACAACAACAAC,1.000000
Six legd Turtle,.....((....((....))....((....))....((....))....((....))....((....))....((....))....))....................,GGGGCCCGAAACGGAAACGAAAAGCGAAAGUAAAAGAGAAAUCAAAAUGGAAACAAAAAGCAAAAGCAAAACCGAAAGGAAAAGGAAAGAAACAACAACAACAAC,1.000000
snoRNA SNORD64,((((((.....(((....(((...(((((.............)))))....)))..)))..)))))),AGGCGUAAAAGGGCUAAGUACAAACCUUGGAAAAAAAAAUAACGAGGGAAGGUAAUGCCAGACGCCU,1.000000
Chalk Outline,.....((((.(((((....)).))).(((.(((....)))))).((((((....)).)))).(((((....))).)))))).......................,GGUCAGUGGACGUACGAAAGUAACGAGUGUGACGAAAGUCCAUAGGGCGUGAAAACAGCCCGCCCCGGGAACGGAGGCCACAAAAAAGAAACAACAACAACAAC,1.000000
InfoRNA bulge test 9,(((((((.(.(.(.(((((((....))))))))))))))))),UAUGCGGUGAGUGCAGUCAUUGAGAGGUGAUUCCCCCGCAUG,1.000000
Tilted Russian Cross,.....((((((((....))))((((.((((....))))(((((....))))).((((....))))))))((((....))))))))....................,GGAAAGUCGGACUGAAAAGUCGCGGGGGCCGAAAGGCCGUCCAGAAAUGGACUUAGUGAAAACUACUGCCUAGGAAACUAGCGACAAAGAAACAACAACAACAAC,1.000000
This is ACTUALLY Small And Easy 6,................................................................................................................................................................................................................................................................................................................................................................................................................,UAAAAAAAAAAAACAAGAAAAAAAAAAAAAAAAAAAAGAAAAAAAAAAAAAAAAAAAAAAAAAAAAAGAAAAAAAAGAAAAAAAAAGAAAAAAAAAAAAAAAAAAGAAAAAAAGAAAAAAAUAAAGAAAAAAAAAAAAAAAAAAAAGAAAAAAAAAAAAAAAAAAAAAAAAAAAAAGAAAAAAAAAAAACGAGAAAAGAAAAAAAAAUAAGAAAAAGCAAAAAAAAAAAAAAAAAAAAAGAAAAAAAAAAAAAAAAAAAAAAAAGAAAAAAAGAAAAAAAAAAAAAAAAAAAAAAAAAGAAAGAAAAAAAAAAAAAAAAAAAAGAAAAAAAAAAGAAAAUAAAAAAAAAAAAAAAAAAAAAAAAAAAAAAAAAAAAAAAAAAAAAAAAAAAAAAAAAAAA,1.000000
Shortie 4,((....)).((....)),CUGAAAGGAUCGAAAGA,1.000000
Shape Test,.....(.((((..(((((........)))))..(((.(((.(((((.....))))).((((....)))).))))))..)))).)....................,GGCGAAGUUCGAAGAGGUGAAUAAAAACCUCAAGACACUCAGGGACGAAAAGUCCCAGGCCGAAAGGCCAGAGGUCAACGAAGUAAAGAAACAACAACAACAAC,1.000000
The Minitsry,(((.....(((.....(((.....(((.....(((........))).))).))).))).))),GGCAGAAGCAUGAAAGGCCAAAAGGAGUAAAUUCUGAAAAAAAAGAUCUCGGGCAAUGAGCU,1.000000
stickshift,..((((((((.....)).))))))..,CAGGGGCCAUGAAAAAUAGGCUCCAA,1.000000
U,.....(((((.(.(.((.(.(((((((((....))))))))))))))))))).....,UCACACACCGUGAGACGAGCGACCCCUGCGAAAGCGGGGGUCCCGCCUGGUGAAAAA,1.000000
Still Life (Sunflower In A Vase),...((((..(((((.....)))))..(((((...)))))..(((((.....)))))..(((((...)))))..(((((.....)))))..(((((.....))))).((((((((((((((((((((((((((((......))))).(((((.............((((.........................................)))).............)))))(((((....))))).)))))))))))))))))))))))..(((((.....)))))..(((((.....)))))..(((((.....)))))..(((((.....)))))..(((((....)))))..(((((.....))))).))))...,UAACGUCAACCGGCGAAAAGCCGGAAAGACCAAAGGUCUAAGCGGCGAAAAGCCGCAAGUCACAAAGUGACAAGUUUUGAAAAAAAACAAUCUUCGAAAAGAGGAAGGUCUUGGGUCGGAAUCGGAGUAGCGUGGGAAAACACGCAGAGGCAAAAAAAAAAAAAGGGUGAAAAAGAAAAAAAAAAAAUAAAAAAAUAGAAAAAAAAAAAACUCGAAAAAAAAAAAGGCCUCCGAGGGAAACCUCGGUACUCCGAUUCCGAUCCAGGACCAAACUCGGAAAACGAGUAAAGUGGGAAAACCGCUAAUAGGCGAAAAGCCUAAACCUCAGGAAAUGAGGAAAGGUUGAGAAACUUACGAUCGGAAAACGAUCAGACGGGA,1.000000
Quasispecies 2-2 Loop Challenge,.....((((((((..((((....))))..)))).((((..(...)..)))).((((..(..(((.....)))..)..))))))))....................,GGGCAAUGCUCACUCACAGGAAACUGUAGGUGAAGGACUGCAAAGUGGUCCAGGCUUGGUGCGGGAAAAUCGUGCUGAGCCGCAUAAAGAAACAACAACAACAAC,1.000000
Corner bulge training,.(((((((((((...)))))....)))))).,GGUGCUCUGGUCAAAGACCACAACGAGCACA,1.000000
Spiral,.....((((.((((((.(((.(((((.((((.((((.((.((.((.((.((.((.....)))))))))))))))))))))))))))))))))))))).....,AAAAAUAAUGUGUUUUGCCCGUAGGCGCGAUAGGUCAUGUAGAUGCGGACGUGGGAAAACCCGCCCACUCAGAUCAUCGGCCUAGGGAGAGCAGUUAAAAAG,1.000000
InfoRNA bulge test,.............................((((......((((....((((...((((..((((.((((.....)).)).)).))..)).))...)).)).....)).))......)).)).,AAAAAAACAAAAAAAACAAAAAAAAAAAAGGCCACAAAGGGCGGAAGGACGAAGUCACUGGCGCGUGGCGAAAAGCGCAGGCGGCUGGUAGAAAGCGAUCAAAAACGAUCAAUAAGGGACCA,1.000000
Worm 1,.......(.(.(.(.(.((.((.(....).)).)).).).).).),AAAUAAACGCGGGGGAGAGGAGGGGAAACGCUGCUGUGCGCGGGG,1.000000
just down to 1 bulge,.....((((.(((((....))))).(((....))).)).))....((((.(((....))).(((....))).))))....................,AACAAUGCCAACGUCGAAAGACGUACCGGAAACGGAGGACAAAAAUUCUACCCGAAAGGGAAAGGAAACUUAAGAAAAAAAAAAAAAAAAAAAAAA,1.000000
Iron Cross,.(((.(((...(((.(((...))).(((....))).)))...(((.(((....))).(((...))).)))...(((.(((....))).(((...))).)))...))).(((...))).)))..,AUCAUGCGAAAGUGACGCAAAGCGAGCGGACAUGCACACAAACCGACCGGGAACGGAGCGAAACGCACGGAAAGGUACCUGAAAAGGAAGCAAAGCUAACCAAACGCACCCAAAGGGAUGAAA,1.000000
loops and stems,.....(((((((...((((...((((...((((.........(((((............)))))...))))....((((..........))))...))))...(((........)))...))))..((......))...))))))).....,UCAAACAUAUUUAAAGGUGAAAUCUCAAACCUAGAAGAGAAGGCGCGAAAAAAAAAAAACGCGCAAAUAGGGAAACCGCGAAAAAAAAAGCGGGACGAGAAAAGCUGAAAAAAAAGCAAACACCAAUCGAGAAAGAAAAAGGUAUGAGAAA,1.000000
Water Strider,.....((.((..(((((.(((....)))(((....)))))).....((((((....)))(((....))).)))))..)).)).....................,GGUGACAGUGGGCCGGGUGGCGAAAGCCGGGGAAACCCCCCAAAAAGCUCGCGAAAGCGGUCGAAAGACAAGCGGAAUAGUGGAAAGAAACAACAACAACAAC,1.000000
The Turtle(s) Move(s),...((....))....(((((((((.........)))))))))....((((.....)))).....(((....)))...(((((.......)))))....(((...((....)).....(((....)))....((((((.......))))))....(((....))).....((((((....(((.......)))..(((........)))...(((((......)))))...((((.....))))..)))))).........((....)).....((....))......(((((..........)))))......))),AAACCGAAAGGAAACCGAUACACUGAAAAAAAAAGUGUAUCGAAAAUUGCGAAAAGCAAAAAAAAGGGAAACCUAGACGUGGAAAAAAACCACGAAAAGCGAAAUGGAAACAAAAAAAUCGAAAGAUAGAAGAGAUGGAAAAAAUAUCUCAAAACCGGAAACGGGAGAACGCGGCAAGAGCUGAAAAAAAGUAAUGCAAGAAAAAGCAAAAGAGGAGGAAAGUCCUCAAACGGGGAAAACCCGACGUCGCGGAAGAAAAACCGAUAGGAAAAAUCGAAAGAAAAAACGCGGGGAAAAAAAAACCCGCAAAAAACGC,1.000000
Adenine,(((((.((((((.((((((.((((((.((((((.((((((....((((((......)))))).)))))).(((((...(((((((...)))))))))))).)))))).((((((((((((...)))))))...))))).))))))....))))))....))))))....))))),GCUCAGUUCAGUAGCCCCCGAUCCUAAGUCAGCGGUGAUCUAAUCAUUAGGAAGAACUAGUGUGAUCAUAUCUGAAAUGGCAAGCAAAGCUUGCCUCGGAAGUUGACAAGUACCUCUAGCAAAGCUGGAGAAAGUGCUAUAGGAUAAGAGGGGGCAAAAGCUGAAAAAAUGAGU,1.000000
Tripod5,..((((((((.....))))((((.....))))))))..,GAACGUGCUAGAAAAUAGCCUCUGAAUAAGAGACGUAA,1.000000
Shortie 6,((....)).((....)).((....)).((....)),UCGAAAGAACUGAAAAGAACGAAAGUAGGGAAACC,1.000000
Runner,.....((((.((((.....((((...)))).))))...(((..((((((...)))...)))((((((...)))...))).)))...(((...(((....))).))).)))).....,CGAAACACAAUGGCGAAAGCGUUAAAGACGAGCCAAACGGCAAGGAACCAAAGGUAAAUCCGGCGGCAAAGCCCAAGCCAGCCAAACGUGAGACCGAGAGGUAACGAUGUGGAAAA,1.000000
Recoil,.....(((((..((..((..(((..(((..((..((...)).)).))).))).)).)).))))).....................,AAGAACGGGGGGUAGAGGAGGGCGGUGCUUAGUUCGAAACGUCUUGCAGGCCACCAUAACCCCGGAAAAAAAAAAAAAAAAAAAA,1.000000
[CloudBeta] An Arm and a Leg 1.0,.....(((.(((((....)).)))(((.((....))))).)))....................,GGCAAGGUACCUGGGAAACCGAGGGGCGCGAAAACGGCCGACCAAAGAAACAACAACAACAAC,1.000000
[CloudBeta] 5 Adjacent Stack Multi-Branch Loop,(((((((((....))))(((((....)))))(((((....)))))((((....))))))))).,GACGUGCUAGAAAUAGCCCUUCAAAAGAAGGCGCGCGAAAGCGCGCUGGGAAACCAGACGUCA,1.000000
Triple Y,.....((((((((((((....))))((((....))))))))((((((((....))))((((....))))))))))))....................,GGUAACUCCGCGUGGGGAAGACCCCCUAAGAAAUUAGACGCCCGGCGCUGAAAAGCGGCCUGAAAAGGCCCGGGGAGAAAGAAACAACAACAACAAC,1.000000
Misfolded Aptamer,((((......(((((...))).((....)).........)).....)))),GUGUAAAAAACGGGCAUAGCCAGGGAAACCUAAAAAAAACGGUAAGACAU,1.000000
Flower power,.....((((((((...)))).((((((((...))))..((((...))))..((((...)))))))).((((...))))))))....................,AAAACGUGCGGUGAGACACCAUCACGGUCAAAGACCAAUGGCAAAGCCAAGAGCGAAACGCUGUGAGCCCGAAACGGGGUACAAAAAAAAAAAAAAAAAAAA,1.000000
Kudzu,.....(((.(..(.(((((.((((.((...)))).))))((((((...)).))))..(((...)))...))).)..).)))....................,GGUACCAGCGAAUGGGAGGAUCCGUGCAAAGCCGAGACCGGGGCCAAAGGACCCCAAGACAAAGUCAAGUCCGAGACACUGAAAGAAACAACAACAACAAC,1.000000
"1,2,3and4bulges",.....((((.(((((....))....))).(((....))).)).))....((((.(((....)...)).(((....))).))..))....................,AAGAACACCAGCCCCGCAAGGAAAAGGCACAGGAAACUGAGGAUGAAAAGCCCAGCCGAAAGAAUGCAGGAGAAAUCCAGGAAGCAAAAAAAAAAAAAAAAAAAA,1.000000
medallion,((((((.((((((....)))))).(((....))).(((....))).((((((....)))))).(((....))).((((((....)))))).(((....))).(((....))).((((((....)))))).(((....))).((((((....)))))).(((....))).(((....))).((((((....)))))).(((....))).((((((....)))))).(((....))).(((....))).((((((....)))))).(((....))).((((((....)))))).(((....))).(((....))).((((((....)))))).)))))),AGGGCCAGCGGCUGAAAAGCUGCACGGGAAACCGAGUCGAAAGAUACACAUGGAAACAUGUGAGCUGAAAAGCAGUGGACGAAAGUCUACUUCGGAAACGAACUGGAAACAGAGGGCAGGAGACUGCCCAUCGGAAACGAAGACGGGGAAACCCGUCAGCGGAAACGCACUCGAAAGGGAGCUCCUGAAAAGGAGUAACGGAAACGUAAGUGUAGGAAUACGCUAGAUGAAAAUCAGCCGAAAGGCACUGGUGGAAACACCAGAUACGAAAGUAAGUUGUAGAAAUGCAGCAAACGAAAGUUACGUGAAAACGAGGGAGAGCAAUCUUCUAGGCCCU,1.000000
[RNA] Repetitious Sequences 8/10,.((......((......))......((......((......))......((......))......))......)).....,GGCAAAAAACCGUAAAAGGAAAAAAGCAAAAACCCAAAGAAGGAAAAAACCGAAAAAGGAAAAAAGCAAAAACGCAAAAA,1.000000
Documenting repetitious behavior,.......((.........((.........((.........((.........((.........((.........((.........((.........((.........((.........((.........((.........((.........((.........((.........((.........((.........((.........)).........)).........)).........)).........)).........)).........)).........)).........)).........)).........)).........)).........)).........)).........)).........)).........)).........))......,CUAAAACGCAAAAAAAAACCGAAAAAAAAGAGAAAAAGAGGCUAAAAAAAAGGGACAAAAAAGCGAAAAAAAGGUAAAAAAUAAGUGAGAAAAAGGAAAAAAAAGGUCAAAAAAAAAGCGAAAAAAAGGGGAAAAAACAUGGAAAAAAAGGCGAAAACAAGAUAAAAAAAAACUGAAGAAAAGGCGAAAAAAAACCAAAAAGAAAGGGAAAAAAAAGCAAAAAAAAAAGGAAGAGAAGAUAAAAAAAAAGCAAAAAAAAACAGAAAGAAAACUAAAAAAAAAGCGAGAAAAAGGAAGAAAAACGUCAAAAAAAAAACGAAAAAAAGGCAAAAAAAAAGCGAAAAAAAACCGAAAAAAAUGCAAAAAAGAAUCGAACAAAAAGGGAAAAAAAGGCAAAAAA,1.000000
7 multiloop,(((((((((....)))))(((((....)))))(((((....)))))(((((....)))))(((((....)))))(((((....))))))))),ACCCGAUCAGAAAUGAUCCUGCGGAAACGCAGGGAGAGAAAUCUCCCCGCCGAGAGGCGGCCUUUGAAAGAAGGCCAGGGAAACCUGGGGGU,1.000000
Kyurem 7,.....((((((((((....)))(((....((((.(((.....))).((((((......)))...))))))))))))).))))....................,GGUAAUACCCGUGCAGAAAUGCCCCAAGAUGCGAUGCGAAAAGCAAGGCUUGGAAAAACAAAACGCCCGCAGGGACGAGGUGAAAGAAACAACAACAACAAC,1.000000
JF1,(((((((((((.(((((..(((((....((((((..(((((...(((((..((((((.((((((((((((((....))))))))))))))..(((....))).(((((((((....)))))))))..(((((....))))).)))))).))))).))))).))))))...((((((((.....))).)))))..((((((((((((((((((((((((....)))))))))))))).))))))))))...(((((......)))))((((((((((....))))))))))...((((....))))..)))))..))))).((((.(((.(((....)))))))))).(((((((((....))))).)))).)))).))).))))...,CCAGUCCGAGAACUUGAGAUGAGUAAAAGCGGAUGAACCCCGAGCUCGUAGGACCUAACCCUGUGGGCUGUCGAAAGACAGCCCGCGGGGAACCCGAAAGGGACGUGCCUCGGAGACGAGGCACGGCGUCGAGAAAUUGACAUAGGUUAACGGGAGGGGUAAUCCGCAAAGGGGUAACGAAAAGUUAACCCCAACGACCCUACUUGCCCCCCCAAGUGGCAACACUUGGGGGGGCACAGUAGGGUCGAAAGGCGGGAAAAACCGCCCGUUGAUCUGGAAACAGGUCAGCGUAAGCCCGAAAGGGCCAACUCAGAUCAAGACCCGAUGGUCGGGAAACCGCCACGGGACGUGGCCGGAAAACCGGCGCACGAUCUCUGGAUCUGGAAA,1.000000
multilooping fun,((.(..(.(....).(....).)..).(....).)),GCAGGACAGGAAACACGAAAGAGGACAGGAAACAGC,1.000000
Multiloop...,((((.((((.(((....))).(((....))).(((....))).(((....))).(((....))).(((....))).)))).(((((......)))))(((....))))))),UACCGGCCUAAUCGGAAGAUAGCGGAAACGCACAUGAAAAUGACGGGAAACCGACAAGAAAUUGAAGCAAAAGCUAAGGCACCAUGGAAAAACAUGGCAGGAAACUGGGUG,1.000000
hard Y,.....((((((.((((((((....))))))).)))((((((((((....)))))))))))))).....,UGAAAGGGAGGACCCCGCCUGAAAAGGCGGGCGCCCUACCAGCCGGAAACGGCUGGUGGUCCCAAAAA,1.000000
Mat - Elements & Sections,.....((((.(...(.((((.(.((((.((.((((.((.(((....))).).)))))).)))))....).)))).)...).))))....................,GGAAAGGCAGGGAUGGACGGGCGCUAUUGGACCGGCGCGGUGGAAACACGGACCCGGCGCAUAGAAAAGACCGUGCUAACAUGCUAAAGAAACAACAACAACAAC,1.000000
Chicken feet,.....((.((.((...)).((...))...)))).((.((.((...)).((...))...)))).....,CUAAACCGCCAGCAAAGCACCAAAGGAAAGGGGAGGACGAGGACACCAGGAUACCAAACGCCAAAAA,1.000000
Bug 18,.((.((.((.((..((..((.((...))..)).)).))..))..))....)).,UGCGGGGCAAUGGACCGGGCGGCAAAGCAAGCAGGACAGAUGGAUCAAGAGCA,1.000000
Fractal star x5,.....((((((((..((((....))))..((((....))))..((((....))))..((((....))))..)))))))).....((((((((..((((....))))..((((....))))..((((....))))..((((....))))..)))))))).....((((((((..((((....))))..((((....))))..((((....))))..((((....))))..)))))))).....((((((((..((((....))))..((((....))))..((((....))))..((((....))))..)))))))).....((((((((..((((....))))..((((....))))..((((....))))..((((....))))..)))))))).....,CACAACCCUCUGGAACGGGGAAACCCGAACCCCGGAAGGGGGAUUGCGAAAGUAAAAUCCUGGAAAGGAAACCGGAGGGGAAAAUGGCCGUCACGGAGGAAACUCCAAGACGGAAACGUCAAGCCUGAAAAGGCAACUGCGAAAGCAGAAGACGGCCAAAAAAAAAUACAGGACUUUGAAAAAAGACGGUUGAAAAACCAAUGCCGAAAGGCAAAAGCAGAAAUGCUAACUGUGUUUAAAAAAACCUCUAAAAGUGGAAACACUAAAGAUGAAAAUCUAAAUUUGAAAAAAUAACCGAGGGAUCGGAAUAGAGGUUAAAAAACGCCCGCAAGUAAGAAAUUGCAACGCGGAAAUGCGAACUUAGAAAUAAGACGGCGGAUACGCCAAGCGGGCGUAAAAA,1.000000
Crop circle 2,((...((....((.....((.........((..............................))...............)).........)).......))....))....,GCAAACUAUAAGCAAAAACCAAAAAAAAACCGAAAAAAAAAAAAAAAAAAAAGAAAAAAAAGGGAAAAAAAAAAAAAGGGGAAAAAAAGGCGAAAAAGAGGAAGGCAAAA,1.000000
Branching Loop,.(((((........)((((....))))..)))).......,CCGGUGGAAAAAAACGUUCGAAAGGACAGACCGACAAAAA,1.000000
Bug 38,.((.((.((..((.(...).)).))..))....)).,CGAUGCUGUGACUGGACACGAGGACUUGCUAAUUCA,1.000000
Simple Single Bond,......(.........((((.....)))).........)......................,CAAAAAGAAAGAAAAUGGAAGAAAAUUCUUAAAAAAAGCAGAAAAAAAAAAAAAAAAAAAA,1.000000
Taraxacum officinale,((((....).))).((((....).))).((((....).))).((((....).))).((((....).))).((((....).))).((((((((((((((((((((((...)))).))))))).(((((..((((((((((..(((((((...))))))).))))))))))((((.((((((...)))))))))))))))...))))))))))).((((....).))).((((....).))).((((....).))).((((....).))).((((....).))),GCCCGAGAGUGGCACCUGGGAACGAGGAACACGAAAGAUGUACGGCGUAAGACCGAAAGCGAAAGACUUAGACCGAAAGCGUCAGGGCGGCCCGAUCCGAAGUCACAAAGUGACCUUCGGAACCCCAUCGCUAGGUCCCGAAUGGUCGAAACGAUCAUGGGGACCUAGUAACUGCUGGCGAAACGCCAGAGUUUGGGGAACUCGGGCCGCCCCCAGGGAAACACUGACGCGGAAACAGCGAGAUCGAAAGAAUCAGAUCGAAAGUAUCACCCCGAAAGAGGG,1.000000
Headless Bug on Windshield,.((.((.....(((((...((.(((.........................))).))...))).))...)).)).(((..(((..((.......((....)).......)))))......))).(((((.......(((..((..(((..((.(((...............)))..))..)))..)).)))..))..))).,ACUGCAGAAAGACCCCGAGGCGCGAGAAAAAAAAAAAAGAAAAAAAAAAAUCGGGCAAAGGGUGUAAAUGGGGAGCCGAGGUAAGCGAAAAAACGGAAACGAAAAAAAGCACCGAAAAAGGUAGGAGCGAAAAAAUGCGGCGUGCUUGAUCUAGCGAAAAGAAAGAAAAAGCUUUGAGAGAGUGCGAGCAGAGCCAUCCA,1.000000
Pokeball,...(((((((....((..((..(((..((..((..((..((..((..((...)).))..)).)).))..)).))).)).)))))))))........(((((((....((..((..(((..((..((..((..((..((..((...)).))..)).)).))..)).))).)).)))))))))...,GGAGCACGGCAAAACGAACCAACUUAAGCUGGGGGGUGGCAGAGUAACGACACGGACGAUGAACACCUGGCAAAGAGGACGGCCGUGUAGGAAGGAAGGCUCAUAAUACGGUCGGCACGGCGUGGCGGAUGACACGCCUUGGAUACCUGGUAUGAGUAGCUGCGAGUGAGAAGUUGAGCCUAGG,1.000000
Variation of a crop circle,....((....((....((....((..((..((...))..))....))......)).......)).........)).............,GAAUGCAAAACCACAAUCAAUUUCAGACGGCCCAAGGAAGUAAAGGAUAAAAGGAGAAAAAGGGGAAAAAAAGGCGCAAAAAAAAAAA,1.000000
Loop next to a Multiloop,..((((((((.......(.((((((....)))))).(((((((....))))))).).......))))))))..,CAACUGGGGUUCAAAAACAUACUCGGAAACGAGUACAGGGGGGGAAACCCCCCUCGGAAAAAUGCCUCAGUAA,1.000000
Snowflake 4,((((...))))(((((((....))(((((..(((((((....))(((((((((...))))..((((...)))))))))((....)))))))..(((((((....))(((((((((...))))..((((...)))))))))((....)))))))..(((((((....))(((((((((...))))..((((...)))))))))((....)))))))..(((((((....))(((((((((...))))..((((...)))))))))((....)))))))..(((((((....))(((((((((...))))..((((...)))))))))((....)))))))..)))))((....)))))))((((...)))),UCGCAUAGCGAGCUGUACGAAAGUUCCCGGAAGCUCCCGAAAGGUCUCCGGCCAAAGGCCAGUCUGAAACAGAGGAGAGGGAAACCGAGCUAACCUGGGGGAAACCGCGCCCCUUAAAGAGGAAUCGCAAAGCGAGGCGCCCGGAAGGCCAGGAAGGGGAGGGAAACCGCAGCCAGCAAAGCUGUAAUCCAAAGGAUGCUGCCCGAAAGGUCCCCAAGCGGCCCGAAAGGCGUACCCACAAAGUGGAACGGCAAAGCCGGUACGGGGAAACCGCCGCAAUCAGGGGGAAACCGCGUCGAGGAAACCUCAGGGGCAAAGCCCGACGCCCGAAAGGCCUGAAACGGGACGGAAACGACAGCGACCAAAGGUC,1.000000
Mat - Cuboid,(..((....((..((....((..((....(..((..((....((..((..((....(..((..((..((....((..((..((..((....((..((..((..((..((....((..((..((..((..((....((..((..((..((..((..((....((..((..((..((..((..((....((..((..((..((..((..((......))..))..))..))..))..))))..))..))..))..))..))))..))..))..))..))..))))..))..))..))..))))..))..))..))..))))..))..))..))))..))..))..)))..))..))))..))..)))..))))..))))..),UUGAGAAAAUCUGGGGAAUUCUGCCUAAAGUGGGCGUUACAAGAUAAGGGCGAGAAGGAGUUGCGUGCAAAAUGGUGAUUGCGUGAAAAAUUUUGCGUGGGUGCUUGGGAAAAGGUGCCUGCUUGCCAGUAAAACGCUGCCAGUUUGCUUGCGUGAAGAAUUCUGUUUGAGUGGUUGCCUGGCAAAGGAUGAAAUCGUGUCUGGGUGGAGAAAAAUCUGCCUGGGUGCGUGUUUGUCGCUGGGUGGCUGCUUGGGUGGGUUUGCGUGAGUGAAGGGGUGGCUAAGGGUGAGUGGGUGCCCCUGGGUGCCUGCGUGAAUUUGCGUGAUUGCCUGUGCGUGAUAACCGUACUCUUCGAUACCUGCGGUGGAUCUGGACUUGA,1.000000
Misfolded Aptamer 6,......(((......((((..(....(((........)))....).....)))).......)))...........,UAGAAAACAGAAAAAUCGCGGGGAAGCGCGAAAAAAAGCGAAAACAAAAGGCGAGAAAAAGUGUAAAAAAAAAAA,1.000000
Snowflake 3,(((((....)).((((((....)))..((((.((((..(((....)))(((.((....))(((...)))((....)).)))(((....)))..)))).((((..(((....)))(((.((....))(((...)))((....)).)))(((....)))..)))).((((..(((....)))(((.((....))(((...)))((....)).)))(((....)))..)))).((((..(((....)))(((.((....))(((...)))((....)).)))(((....)))..)))).((((..(((....)))(((.((....))(((...)))((....)).)))(((....)))..)))).))))..(((....)))))).((....))))),CCGUCGAAAGAAGCCCAGGAAACUGUAGCCACGAUGAACCGGAAACGGCUGAACGAAAGUCCCAAAGGGCGGAAACGACAGGGCGAAAGCCGACAUCACCACAAACGGAAACGUCGCACCGAAAGGCCCAAAGGGGCGAAAGCAGCGGCCGAAAGGCGAGUGGAGGGCAAUACGAAAGUAGGCAACGAAAGUCCCAAAGGGGGGAAACCAGCCCCCGAAAGGGUAGCCCAGCUCAGAACGAAAGUUGCGAACGAAAGUCCCAAAGGGCGGAAACGACGCGCCGAAAGGCUAGAGCAUGCGAACUCGAAAGAGCUGAUCGAAAGACCCAAAGGGGCGAAAGCACAGGCCGGAAGGCGACGCAAUGGCAAGGCGAAAGCCGGCAAGGAAACUCGG,1.000000
Hard Y and a bit more,.....(((((((.(((((....)))).)))(((((.((..((((....))))..(((((......)))))..)).))))))))))....................,GGGCAGUCGUCGACCAAGGAAACUUGCGCGGCGCCGUUAAGAAAGAAAUUUCAAUACGUGAAAAAACGUAAAGAGGGUGUGCGACAAAGAAACAACAACAACAAC,1.000000
Mat - Lot 2-2 B,(..(((..((((..((....((..((((....))....))..))))..))....))..))((..((..((..((((..((....((..((((..((....((....))))..))....))..))))..))((..((..((....))((..((((..((....((..((((....))....))..))))..))....))..))))..))..))..))((..((....((..((((..((....((....))))..))....))..))))..))))..))..)..),GAUUCCUGCAGCGAGCCAAGCGAACCACGAAAGUAAGAGGGGCGGCGAGCAAAAUGUGGGGGUGCUAACAUGGUGUUGGGAAAACUUGGACGAACCAAAGUCGAAAGAGGGGCGAAAAUCUGGGCCUGACCGUGACAAAGGAAACUCCGACCGUAGGGAAAAUGGAUCACGAAAGUAGAAGAGACACCAGACAAAAGGGAGGGUUGCGAAACUGUGAGUAGAGAAGUUCACCAUUGCGAGAAUCGAAAGACGUGAUAAAAGGGAAAUCGGCUAGUGCCACGUAC,
Shapes and Energy,......(.((((.((((....(...((((.(....).))))...)))))..((......((((....)))))).)))).).....................,GGAAAAGGCUCGAGCCCGAAGCAAAGCAUGCGAAAGAAUGCGAGGGGGCAAGGUAAGAAACGGGAAACCGUCCGCGAGACAAAAGAAACAACAACAACAAC,1.000000
Spiral of 5's,(....(((((...(((((...(((((....(((((...(((((...(((((..(((((....(((((...(((((...(((((..(((((...(((((...(((((..(((((...(((((..(((((..(((((..(((((..(((((.(((((.((((((((((.....))))).....))))).....))))).....))))).....))))).....))))).....))))).....))))).....))))).....))))).....))))).....))))).....))))).....))))).....))))).....))))).....))))).....))))).....))))).....))))).....))))).....))))).....).....,GAAAUAAUCGGUAGGGGGAAACGCCCGAAUCCAUUGAGGUCGCUAGGCGGAAAAUCCCGAAGAACGCAAGACCGGGAUGGCCCGAGAGUCUAGAGCCCGAACCACUGCGUCGCGGGGCGACUGUGGGAGAUCCAUGGGGCCGGGAGGGCAACAGCACCAGCGAUCGGAAAACGAUCAAAAAGCUGGAAAAGGCUGUGAAAGGCCCUAAAAACGGCCAAAAAAUGGAGAAAAUCCCAAAAGUGUCGUAGAAAGCGACAAAGAAGUGGGAGAGGGGCUAAAAUGACUUGUUAAGGGCCUAAGACCGGUAAACGGUGUUAAAGAGGGAUGAAAGUUCGUAAAAUGCGACAAGAAAAUGGUAAAAGGGCGCAAAGCCUCCAAAAACGAUUUAAGGCAAAAA,1.000000
Campfire,....((((..(((((..((((..((((.....))))((((((...))).)))))))((((((.((.((.(((((....)).)))))))(((((.((.((.((....))))))((((.(((....)).)).)))..)).)))))).))))))))(((.(((.(((.((((....))))))))))((((((((...))).)).))).))))))),UCACCCGUGAUCAACUAUGCUAACCGGGAAAACCGGCGGCUGAAACAGACCGAGCAGCUGAGAAGACGAUGAACGAAAGUAUCACGCUGGAGUAGGACGACGGAAACGCGCCGGGGACCGAAAACGAGCACCCAAGCAUCCCUCAAGCGUUGACGCAGACAGGGACUCGGAAACGAGCCCGUCGCGGGGCCAAAGGCACCUCGCAGCGACGG,
Anemone,...((((((....))))))(((((....)))))((((((....))))))(((((....)))))((((((....))))))(((((....)))))(((((....)))))((((((....)))))).(((((....)))))((((((....))))))(((((....)))))((((((....))))))(((((....)))))((((((....)))))),CAUUCGAGGGAAACUUUGACUGAAGAAAUUCGGCGGUUUGAAAAAAUCGGACAAGAGAUUGUCCCCUACGAAAGUGGGGCUCGGGAGACCGAGGGCAUGAAAAUGCCGAGGCCGAGAGGUCUUGCGCACGAAAGUGCGGCUUCGGUAACGAAGCGACACGAAAGUGUCGCGUGAGGAAUCACGCCUUCCGAAAGGAAGGCGGUCGAAAGACCGC,1.000000
Fractal 3,.....((((.(((.((....))((....)).))).(((.((....))((....)).))).(((.((....))((....)).))).(((.((....))((....)).))).)))).....,CAGAAGGGGACUCACCGAAAGGCAGAAAUGAGAGAAGUAGGGAGACCCGGAAACGAACUAGCUAGGGAAACCGCGAAAGCAAGCACCUAAGGAAACUGGGAAACCAAGGGCCCCAAAAA,1.000000
Kyurem 5,.....((((((((((....)))(((....((((((((...(((.....)))))))(((......))).))))))))))..))))....................,GGCAAGUCCCCCGCCGAAAGGCCCGAAAAUAGGCGCAUAUGCGGAAAACGCUGCGGCCGGAAAAGGCACCUACGGGGGUAGGACAAAGAAACAACAACAACAAC,1.000000
Snowflake Necklace ( or v2.0 ),(((((((((((((((.(((((.((.....)).((.....)).((.....)).((.....)).((.....)).))))).(((.....))).(((((.((.....)).((.....)).((.....)).((.....)).((.....)).))))).(((.....))).(((((.((.....)).((.....)).((.....)).((.....)).((.....)).))))).(((.....))).(((((.((.....)).((.....)).((.....)).((.....)).((.....)).))))).(((.....))).(((((.((.....)).((.....)).((.....)).((.....)).((.....)).))))).))))))))))))))),AGGGUCGAGUCUUGAAGGUCCACUGAAAAAGAGCGGAAAGCAGCGAGAAGCACCGAAAAGGAGGGAAAACCAGGAUCAGGGGAAAACCCUCGCCCAGCGAAAAGCAGCGAAAAGCACCGAAAAGGAGGGAAAACCAGGGAGAACCAGGGCGAUGCGAAAAGCAAGCGGCACCGAAAAGGGGGGAAAACCAGGGAAAACCAGCAGAAAGCAGCGAAAAGCAGCCGCAGUCGAAAAGACACUGUCAGCGAAAAGCAGCGAAAAGCACCGAAAAGGAGGGAAAACCAGGGAAAACCAGACAGAGGCGAAAAGCCAGCGUGACCGAAAAGGAGGGAAAACCAGGGAAAACCAGCGAAAAGCAGCGAAAAGCACACGCAUUAAGACUCGACCCU,
Methaqualone C16H14N2O Structural Representation,.......((((.((((.(((.(((....))).(((.(((....))).(((.(((....))).(((.(((....))).(((.......))).))).))).))).))).(...).)))).((((...((.(((...((...))........))).(((.(((....)))(((....)))(((....)))))).))...((((.(...).(((.(((.(((.(((.(((....(((....))).))).(((....))).))).(((....))).))).(((....))).))).((((((....)))(((....))).(((....)))))).))).))))...)))).)))).......,CAAAAAAGCAGAGGGCAGGCAGGAGAAAUUCGUAGAUAGGAAACUAAAGCAGUCGAAAGACAGCUACCGGAAACGGACUAGAAAGAAUAGAAGCAGCUACUAAGCCAGAAACAGCCCACAGCAAAGCAGGUAAAGCAAAGCGAAAAAAGACCACGCAGCGGAAACGCCCCGAAAGGGGGGGCAACCCGCGAGCAACGCGCAGAAACAGGGAGCCAGUGAACCACCAGAAGAGGGAAACCUAUGGAGGGGAAACCCCGGUAAGGGAAACUUACACAGGAAAAAUCCAGGCACGGCCGGAAACGGGCGGAAACGCAGGGGAAACCUCCGACCCAGCGCAGCGCUGAUUGCAAAAAAA,1.000000
Cat's Toy 2,....((((((((....((..(...................)..((...((....))...((....))........))......))))))))))....,AUGAUUCUAGGGAAAUGGACGGAAAAAAAAAAAAAAAAAACACGCAAAUAGAAAUAAAAUGGAAACAAAAUCAACGCAAAAAACCUCCUAGAAAAAA,1.000000
Zigzag Semicircle,....((((((((.(....)).).).)))))....,GAGACGCAGGGCGCGAAAGGACUCACUGCGAAAA,1.000000
Short String 4,......((.((..((..(...(.((.((....))))..)...(.((..((....))..))..)...).))..)))).....................,GGAAAAUGAGGUGGAGGUAAAGUAGACGGAAACGCUUUCAAAGAGGAAAGGAAACUAGCUGGCAAAAAUCUGCCCGAAAAGAAACAACAACAACAAC,
Gladius,(....)..(....(...(..(.(..(...(((.(((...((((....)))).(((((..(.(((..(.((((..(.((((..(.((((((((.((((((.(((((.((((.((((..((((...)))).))).)))))).))))).)))))).)))))))..).))))..).))))..).)))..).))))).)))...(((.(((((.(..(((.(..((((.(..((((.(..(((((((.((((((.(((((.((((((.(((.((((((....))))))..)))).)))).))))).)))))).)))))))).)..)))).)..)))).)..))).)..))))).((((....))))...))).)))...)..).)..)...)....)..(....),CGAAAGGAGAAAGGAAGCUGCGGGGGGAGGCCAUGUAACGCUCGAAAGAGCCCAUCCGAGGGGUGAGGGUACGGCGGCAGGGCGGUCAGGGCGCUAGUCGCCCGCGCGGUUGGCAUCGACGAAACGUCUUGCGCACCGGACGGGGUAUUGGGUCCCUGACGAGACUGCGAGAGUGCGACGACCGACGGGAUGAACAAAACCCAGGACUACGCGAUGCAGGCCCGGAGAAGAAGAGGGUAGCGACCAGCGCGCGUGCGGCCUGCGCGGCGCAAUGAAAAUUGCGAACGCCGAGGCGCCACGACCGCUGCGCGCUACUGCGAUCUUGCAGGGGCGGAGAUCAGGGGGUCCAGUUGGAAACAACAAAGGGAGGCAAACAACGGUGGAAGCAAAGCAACGAAAG,1.000000
Thunderbolt,((..(((((........(.((..((.(.....(....).((((((((.........((......((((.....))))......))...((..((.......(..(......)..)..((..((.....(....).((((.....(((.....(..((.(...).))..).....))).((((...(.......(..(.((...)).)..).......)...))))........)))).....((((((...)))))).))..))...........))..)).........(..((....)((((((.....(........).....))))))..)..)...))))))))........).))..)).).....(.......).)))))..)).,GGGGCCGGGACAAAAAGCGCGGGCGGGAAAAACAGAAGGGCGUGUGGAAAGAUAAACGAAAAGAGAUCGAAAAGAUCGAAAAGCGGAACGUGGCAAAAAAACUGAGAAAGAUUGGGAAGUGAUAAAAAGGAAACAGGUCAAGACGAUAAAAUGUGCUGCAAAGGAGUGCUAAGGAUCAGCUCGAGGGAAAAAAAGAUGACAAAGUGAGAUGAAAAAACAAAGAGCGGAAAAACGACCAAAAAUAUGGGACACCCAUGAAUUGCUAAAAAAAAAACGCUGCGGAAAGGAAAGUGCGGAAACGCUCCUGAAAGGGGAGAAAACAAAAAAGGAGCAGGUGCAAACCGCACGCAAAAAAAACGCGAACGGGGAAAAGGAAAGGACACCCGGAACCC,1.000000
Mutated chicken feet,.......((.((.((...)).((...))...)))).((.((.((...)).((...))...)))).((.((.((...)).((...))...)))).......,CAAAAAAGGACCAGGACACCAGCAAAGCAAAGGCCAGGAGGAGCAAAGCACGAAACGAAACCCCAGCACCAGGAUACCAGCAAAGCAAAGGGCAAAAAAG,1.000000
Chicken Tracks,........(((((((((((....))))..((((....))))..((((....)))))))))))..(((((((...))))..((((...))))..((((...))))))).........,GAUAAAAAAUUCCUCCUGUGAAAGCGGAAUGGGGAAACCUAAGGCCGGAAACGGCGAGGAAUAACGGCGCCAAAGGCGAACUGCCAAGCAGAUGUGGACACCAUCCGAAAAAAAAA,1.000000
Looking Back Again,(((..(((((((.....((((((...)))))).))))..((((((..(((...)))))).(((((...((((....))))....)))))..)))..)))..(((((((.....(((((....)))))......)))((((((((((...)))))(((((...)))))((((((((..(..(..(..(..(..((((....))))..).)..))..).))(((....)))..))))))...))))))))).(((((.((((......(((((((........((((.....))))))))...))).))))((((......((((((((....))))))..(((((...)).(((((...)))))..)))))....)))))))))...))),GCCAUCUCGCACGAAGGGCUCCGAAACGGAGCAGUGCUAAGAGGGCAAGCAAAGCUCCCAGGAGGGUUUCCCGAAAGGGAUAUACCUCCAAUCUAAGAGAAGGGUGGAAGAAAUCGUAGAAAUAUGAGAAUAGUCCCUCAGGCCUGAAAUAGGCGCCGCAAAGCGGCCGAUCGUGAAUUAAAGGGGCGACGAACCGGAAACGGUAAGAGAACUGGAGCGGGCGAAAGCCGUCGAUCGAAACUGAGACCCAGACGAAGAAGAAAAAAGCCACCAAAAAAAAGAUGGGAAGACCAUUGGUAAAGGCGCUUCCCCUGAAAAAGGGAGACAGAAAUGUCUCGAACCGCAAAGCAGCAAGAAACUUGCAAGGUCCGAAAAGGGUCGUCAAAGGC,
Multilooping 6,..(((((((((((((....)))))(((((....))))))))((((((((....)))))(((((....)))))))))))))..,ACGCGGUGCCCCCCUGAAAAGGGGACUCCGAAAGGAGUGGCCCGUCGUCGAAAGACGAGUGCCGAAAGGCAUCGGACCGUAU,1.000000
Cesspool,(..(..(....)..(((..(.(.(((...)))..)..)..)))..(..(....)..).(..(....)..).....(....)..)..)..(..(..(....)..(((..(.(.(((...)))..)..)..)))..(..(....)..).(..(....)..).....(....)..)..)..((..(..(....)..(((..(.(.(((...)))..)..)..)))..(..(....)..).(..(....)..).....(....)..)..))..((..(..(....)..(((..(.(.(((...)))..)..)..)))..(..(....)..).(..(....)..).....(....)..)..)),ACGGAAGGAAACAACCCUGCACGCAGAAACUGGAGAGGUGGGGGAGAGGGAAACAGCAGGACGAAAGGACAAAAAGGAAACAACAAUAGGGACAAGGAAACAACAUUGCAGAAUGAAACAUGGCGGGUGAUGAACAACGAAAGGGGGCGAGGAAACGAGGAAAAGGAAACAAGGACAACGGACAAGGAAACAAGGCGACAGAGCGAAACGCGGCGAGGAGCCAACGACGAAAGGAGAGAGCGAAAGAGCACAAACGAAAGAAGGACGAAGCAACACGGAAACAAGCGGGCACGGCGAAACGCGAGGGGAACGCACGGACGAAAGGACACGACGAAAGGGGGAAAAGGAAACAAGGGGC,
Hoglafractal,..(.((..(((((....(((((......))))))))))((((...((((.....))))))))(((..(((....)))))).(((...((((...((((......))))))))(((..(((.....))))))((.((....)))).((((....(((..(((......))))))((.((.....))))(((....))).(((((.....((.((......))))(((.....)))((....)).((((((......(((......)))((.....))...(((((((...))))))).......))))))......))))).....))))....)))...))..)...(.((.((((....((....))((....))((((((...)))))).)))))).),ACCUGCAAAGGGGAAAAGUGCUAAAAAAGGCGCCCCCUCCACAAGUUCUGAAAAAGAAGUGGGCGAAGAGGAAACUCCGCUGAGAAAUCCAAACUGCCGAAAAAGGCAUGGAGGGAAGCCGAAAAGGUCCCGCUCCGAAAGGGCAGAGCAAAAGUCAGCCGGAAAAACGGGACCCACGGAAAACGGGGGGGAAACCCAGCCUCAAAAACCACGGAAAAACGGGCGGGAAAACCGGGGAAACCACUCCCGAAGAAUCCGGAAAAACGGCCGAAGAGGGAAGAACCUCAAAGAGGUUCAAAAAAACGGGAGAAACACGAGGCAAAAAGCUCAAAACUCAAAGCUCGAAACGAGAGGGCAAAAAGGAAACUGCGGAAGCGCUAUGAAACGUAGCAGCCCCUGG,
Bullseye,...(((((((...))))..((((...))))..((((...)))))))........(((((((...))))..((((...))))..((((...)))))))........(((((((...))))..((((...))))..((((...)))))))........(((((((...))))..((((...))))..((((...)))))))...,UAAGCCGCUGACACAGCAACUCCACAGGAGAAUCGCAAAGCGAGGCAAGAAAAAGGGGCAGAAACUGCGACACGAAACGUGAUAGAGAAACUCUCCCAAAAAAAAGGCACGCAAAGCGUAAGGUCAAAGACCAGGUCCAAAGGACGCCAGAAAAACGGGGCACAAAGUGCAACCGGAAACCGGAAGUGGAAACCACCCCAAA,1.000000
Shooting Star,(((((((((((((((((...(.(..((.(((.(((.((....).))).)))).).)..))..))))))).(((((..(.(..((.(((.(((((.(((.((((.((....).)))).))))).))).)))).).)..))..)(....)..))))(((((((((...))))).(((((...)))))(.(....).).)))).)))).((((.((((...(((((((...))))))).(((((...)))))))))(((((((...))))))).(((((...)))))))))((((..(....)(..(..(..(.(.(((.((((.((....).)))).)))).)..)..).)..))))).)))))).,AUACGACCACUGCCAGUUCAAUCAAUGUGAGGUAGGGCAAAAGUCCUAACUCGCGGGGGUGUAUUGGCAAGCUACUGGACUGGGGUACGCCGGAGCGCUGCGAUGCGAAAGACUCGACGCGUACCGUGGUAGCACUGGCUGGGGAAACGAUGGCGUCACCCUCAAAGAGGGACGAUCAAAGAUCGAGGGAAACGUAUGACUGUGGAGUCCGAUCCAGAGGCUAGGAUACCUAGCCAUCACCAAAGGUGAGGAUUCUCCCCAAAGGGGAGAGCAGCGAAACGCUGGGACGGGGAACGAAAGGGAUGAGGGCGCGUGUACGGUUGGGAAACGCACCAGACAGGGAGAACGAGACCCCCAUUGUGUA,
Teslagon,......((.......((.((.......((.((...............)).........((...............)).)).......)).((.......((...............)).......)).((.......((.((...............)).........((...............)).)).......)).((.......((...............)).......)).((.......((.((...............)).........((...............)).)).......)).((.......((............((...............)).)).......)).)).......))......,UAAGAAGCAAAAAAAUCAUAGAUAAAAGUAGGGGAAAAAAAAAAAGACCAAAAAAAACGAGAAAAAACAAAAAGAUCAGCGAGAAAGUAAGGGAAAAAGGCGAAAAAAUAAAAAAAGUAAAAAAACCAGCAAAAAAACCAGCGAAAAAAAAAAAAAAGCAAAAAAAAACCGAAAAUAAAAGAGAAGGAGGGAGAAAGGCAAAGAAAAAAUAGAAUAAAAAAAAGAAUAGGAAAAAUUAGCGAAGAAACGAGGGAAGAAAAAAAAACACCAAAAAAAAAGCGAAAAGAAAAAAAAAGCACGGAAAAAAGCAGGGAAAAAGGGGAAAAUAAAAAGGCGAAAAAAAAAAAAAAGCACCAGAAAAACCAGAGAAAAAGGCAAAAAA,
