puzzle_name,structure,rna,score,time
Simple Hairpin,(((((......))))),AGGCGGAAAAACGCCU,1.0,0.004376
Arabidopsis Thaliana 6 RNA - Difficulty Level 0,(((((((....(((...........)))((((((((..(((((((((((((((((((...(((((......))))).)))))).)))))))))))))..))))))))..))))))),GCGCUUGGAAGGUUGAAAAAAAAAAGACCCCUUGAGCGACUCAUCCUGACGUUAGCGAAACUCCUGAAAAAAGGAGGCGUUAAUCGUCAGGAUGAGUAAUUCAAGGGAACAAGCGU,1.0,0.340459
Prion Pseudoknot - Difficulty Level 0,((((((.((((....))))))).)))..........,GUCCCAUGCGCGAAAGCGCUGGUGACAAAAAAAAAA,1.0,0.005492
Human Integrated Adenovirus - Difficulty Level 0,((((((((((((((.((((((...........((((((((((((.....((((((((....(((((((((((((........))))))))))....))))))))....))))))....)))))...((((((.......))))))))))............)))))).))))....))))))...))))...,CAGCCAGAGCUGCUGGACCCAUAAAAUAAAAAGACUCCGGGGGCGAAAACGCUCGUCAAAGGCCUCCGGAGGGGGACAAAAACCCCUUUGGAAAAUGGCGACGAAAAUGCGGCCGAAGCCCGGCAAGCUAGUGAAAAAAACUGGCAGUCGAAAAAAAAAAUUGGGUCAAGCAAAAUGCUCUGCAUGCUGAAA,1.0,0.661122
The Gammaretrovirus Signal - Difficulty Level 0,..(.(..((((((....))))))..).)......((((..(((.(((((((((....)))))....)))))))))))..((((((((....))))))))..,ACGGGAACAAGCCGAAAGGCUUGAACGCAAAAAAGCUGAAGAGUGGUGGGUGCGAAAGCACCGGAGCACCCUCCAGUAACCGCGGCAGAAAUGUCGCGGAA,1.0,0.053602
Saccharomyces Cerevisiae - Difficulty Level 0,(((((((((((........)))).((...............))....(((((.......))))))))))))....(((((((..((((........))))(((.............)))....(((((.......))))))))))))....(((((((..((((........))))((((((.......))))))....(((((.......))))))))))))....(((((((..((((........))))((((((.......))))))....(((((.......))))))))))))....(((((((..((((........))))((((((.......))))))....(((((.......))))))))))))....,UGCAGUGUGGCGAAAAGAAGCCAACCGAUAAAAAAAAUAAAGGAGAUGCGGAGAAAAAAUCCGCCACUGUAAGAACUCACAGGAGAGGGAAAAAAACCUCGUCGAAAAAAAAAAAAGACUAAUUAACCGAACGAAGGUUACUGUGAGAAAAGAUUUCCUGGGGCGAAAAAAAGCCCGCUCUGGAAAGAACAGAGCAAAACGCGGAAAAAAACCGUGGGAAAUCAAAAUCCAGCGUAGGGCGAAAAAGAGCCCCAACCAGGAGAAAUGGUUGAAAUGGCAUGAAAAAAAUGCCCGCUGGAAAAAUGCGUUAUCUCAUGAAAAAAAAUGAUUGGUCGAAAAAAGACCAAGAACGUCGUAUAAAAAACGACUAACGCAAAAA,1.0,0.751528
Fractal 2,.....((((((((...((((((((((..((((..........))))..((((..........))))..((((..........))))..))))))))))...((((((((((..((((..........))))..((((..........))))..((((..........))))..))))))))))...((((((((((..((((..........))))..((((..........))))..((((..........))))..))))))))))...)))))))).....,AAAACGUGUAGGGGAAGGCCGGAACCAAAGGGGAAGAAAAAACCCUAACCGUAAAAAAAAAAACGGAACGAGGAAAAAAAAAUUUGGCGGUUCCGGCCAAAGGUCCGGUUCAAUGUGAAAAAAAAAACACAAACGAGAAAAAAAAAACUCGAACCGGGAAAAAAGAACCGGGCGAGCCGGACCAAAAGGACGCCUAAACCCAGAAAAAAAAAUGGGGACGCUGAAAAAAAGAGGCGAAGUGGGACAAAAAGACCACAAUAGGCGUCUUAAACCCUGCACAAAAA,1.0,0.061281
G-C Placement,((((...)))).,GCUGAAACAGCA,1.0,0.003955
The Sun,(((.(((((((...))))..))))))...(((.(((((((...))))..))))))...(((.(((((((...))))..))))))...(((.(((((((...))))..))))))...(((.(((((((...))))..))))))...(((.(((((((...))))..))))))...(((.(((((((...))))..))))))...(((.(((((((...))))..))))))...(((.(((((((...))))..)))))),GUGACACCUGCAAAGCAGUAGUGCACAUAACAUCGUUGGCAAAGCCACAACGUGUAAACCGUACCUGUAAAAUACAUCGGUCGGGAAAGACGCAGUAAAAAUUACCAUGCUCUAAUCGUGCCAUAGGAUACCUAAUUGGACGGAAGCACGCCGCGCAAAGCGCAAGGCUGCAAACCUAGGAUGGGAAACCCAACUCCAGGAAACCUAUCCUGCCAAAGGCAUUGGAAGGAAAGGGUAGCGCGGAAACCGCAAGCUCCC,1.0,13.782869
Frog Foot,..........((((....))))((((....))))((((...)))),GAAAAAAAAACCCUGAAAAGGGGGGUGAAAACCCAGCCAAAGGUU,1.0,0.005771
InfoRNA test 16,((((((.((((((((....))))).)).).)))))),CUCCUAGGACUAGCCGUAAGGCUACGUGCGUAGGAG,1.0,0.005377
Mat - Martian 2,((((....))))...(((((((..(((((((.......))))))))))))))...((((((((......(((((((.(((((((.......))))))))))))))...((((((((((((((.......))))))).)))))))......))))))))...((((((((((((((.......)))))))..)))))))...((((....)))),GGCAGAAAUGCUAUACCGCUGUAGUAAAGUUGAAGAAAAACUUUAACAGCGGGAAGGGGGGUCAAAAAACAGGGUGUAGUGGGAGAAGAAAUCCCAUUCACCCUGAAACUCGGGGCGAGGCAGAAAAAAUGCCUCGUCCCCGAGGAAAACGACCCUCUAACGGCGGUGGCUGGUGGAAAAAACACCAGCUACACCGCCAAACGCUGAAAAGCG,1.0,0.055847
square,((((((((((((((((((((((((((...))))))....)))))))....))))))....))))))),CCCCUUGGUAGCGUUCGACCGCACCGAAACGGUGCUAAAGGUCGAAGAUUCGUUACGAAACAAGGGG,1.0,0.01008
Six legd turtle 2,.....((...((....))...((....))...((....))...((....))...((....))...((....))...))....................,GGCAGGCAAAAGGAAACUAAAGCGAAAGCAAACCGAAAGGAAAGGGAAACCAAACGAAAACGGAACGGAAACGAAAGCAAAGAAACAACAACAACAAC,1.0,0.042559
Small and Easy 6,(((((.....))..((.........))))),GGCGCGAAAAGCAUGGGAAAAAAAACCGCC,1.0,0.221897
Fractile,............((....))...((...((....))..((...((....))...))..((....))...))..((....))........................,GGGACAAGACAACCGAAAGGAAAGCAAAGCGAAAGCAAUCUAGAGGAAACUAAUGAAAGGGAAACCAGAGCAGGCGGAAGCGAAAAAAGAAACAACAACAACAAC,1.0,1.440901
Six legd Turtle,.....((....((....))....((....))....((....))....((....))....((....))....((....))....))....................,GGCAACCAAACGGGAAACCAAAAAGGAAACUAAAAGCGAAAGCAAGAGUGAAAACAAGAGCGAAAGCAAAACGGAAACGGAAAGGAAAGAAACAACAACAACAAC,1.0,0.07351
snoRNA SNORD64,((((((.....(((....(((...(((((.............)))))....)))..)))..)))))),GACCCGGAAGGGGCAAGGGCUAAACGUUAGAAAAAAAAAAAAUAGCGGAAGAGCAGGCCAACGGGUC,1.0,0.007021
Chalk Outline,.....((((.(((((....)).))).(((.(((....)))))).((((((....)).)))).(((((....))).)))))).......................,GGAUAUAGUACCCCCGAAAGGAGGGAGGCGUCAGAAAUGAGCCAGGUCAGGAAACUAGACUAUCCACGAAAGUGUGAACUGAAAAAAGAAACAACAACAACAAC,1.0,0.153132
InfoRNA bulge test 9,(((((((.(.(.(.(((((((....))))))))))))))))),GCAGGCCAGAGACGUUCGCGCGAAAGCGCGAAGCCGGUUUGC,1.0,0.097876
Tilted Russian Cross,.....((((((((....))))((((.((((....))))(((((....))))).((((....))))))))((((....))))))))....................,GGGAAGGCUGCAAGAAAUUGCUCCUGCUAGGAAACUAGGAUGGGAAACCAUCGAAUCGAAAGAUUAGGGGUGGGAAACCACGGCCAAAGAAACAACAACAACAAC,1.0,0.038985
This is ACTUALLY Small And Easy 6,................................................................................................................................................................................................................................................................................................................................................................................................................,GAAAAAAAAAGACAAAAAGAAAAAAAAAAAAAAAAAAAAAAAAAAAAAAAAAAAAAAAAAAAAAAAAAAAAAAGAAAAAAAAAAAAAAAAAAAAAAAAAAAAAAAAAAAAAAAAAAAAAAAAAAAAAAAAAAAAAAAAAAAAAAAAAAAAAAAAUAAAGAAAAAGAAAGAAAAAGAACAAAAAAAAAAAAACAAAAAAAAAAAAAAAAAAAAAAAAAAAAAAAAAAAAAAAGAAAAAGAAAGGAAAAACAAAAAAGAAAAAAAAAAAAAAAAAAACAAGAAAAAAAAAAAAAAAAAAAAACAAGAAAAGAAAAAAAAAAAAAAAAAAAAAAAGGAAAAAAAAAAAAAAAAAAAAAAAAACAAAAAAGAAAAGAAAAAAGAAAAAAAAAAAAAAAAAAAAA,1.0,0.038395
Shortie 4,((....)).((....)),GCGAAAGCAGGGUAACC,1.0,0.004431
Shape Test,.....(.((((..(((((........)))))..(((.(((.(((((.....))))).((((....)))).))))))..)))).)....................,GGAAAAGCGUUAACAUUUGAUAAAAAGAAUGAACCAUGUCACACUGGAAAACAGUGACGGGGAAACCCGAGAUUGGAAAGCGGUAAAGAAACAACAACAACAAC,1.0,0.010025
The Minitsry,(((.....(((.....(((.....(((.....(((........))).))).))).))).))),CCCGAUGAGGCGAAAACCCAAAAAGGCAAAUGAUGGAAAAAAACAUAGCCAGGGAGCCAGGG,1.0,0.952157
stickshift,..((((((((.....)).))))))..,AACGUUGGGCGAAAAGCUCCAACGAG,1.0,0.004664
U,.....(((((.(.(.((.(.(((((((((....))))))))))))))))))).....,CAAAAUCGCAAGAGAUGACGACAUGUGUUGAAAGACACAUGUGCACCUGCGAAAAAA,1.0,0.221487
Still Life (Sunflower In A Vase),...((((..(((((.....)))))..(((((...)))))..(((((.....)))))..(((((...)))))..(((((.....)))))..(((((.....))))).((((((((((((((((((((((((((((......))))).(((((.............((((.........................................)))).............)))))(((((....))))).)))))))))))))))))))))))..(((((.....)))))..(((((.....)))))..(((((.....)))))..(((((.....)))))..(((((....)))))..(((((.....))))).))))...,AAAGUGCAAGUUGCGAACAGCAACAACAGGCAAAGCCUGAAGCUCAGAAGAUGAGCAACCAGGAAACCUGGGACCGGGGAAAAUCCGGGAAGUAAGAAAAUUAUUAGCGUUCCCCCUUAUGCCCUCAGGAGAUGGAAAAACAUCUUACAGCUGAGAAAAAAAAGGACCGAAAAAAAAAAAAAAAAGAAAAAAAAAAAAAAAAAAAAAAAGGUCAAAAAAAAAAAAUGCUGUCCGGAGAAAUCCGGGCCUGAGGGCAUAAGGGGGAACGCAACGCCUGGAAAAGGCGAAGGACGGAAAACGUCCAACAAGAGAAAAUCUUGAACCCGUGAAAAACGGGAAGUCAGGGAAUUGACAACUAACGAAAAGUUAGAGCACAAA,1.0,0.132243
Quasispecies 2-2 Loop Challenge,.....((((((((..((((....))))..)))).((((..(...)..)))).((((..(..(((.....)))..)..))))))))....................,GGUAACGUCGCCAGAUUGAGAAAUCAAGAUGGCAGCCUAACAAAGGGAGGCGCUACGAGGAGACGAAAAGUUGACGAGUAGGGCGAAAGAAACAACAACAACAAC,1.0,0.060865
Corner bulge training,.(((((((((((...)))))....)))))).,GGUACUUAACGCGAGGCGUUUAAAAAGUGCA,1.0,0.004778
Spiral,.....((((.((((((.(((.(((((.((((.((((.((.((.((.((.((.((.....)))))))))))))))))))))))))))))))))))))).....,GAAAAUCGAUGCUCUUGCCGCACGCCCAUUGCUGCUCGCGCACGAUCAUGAUCUGAAAAAGUCUGUCUGGCAGCACAAUGGCGUCGGAAGAGCUCGGCAAAA,1.0,0.481562
InfoRNA bulge test,.............................((((......((((....((((...((((..((((.((((.....)).)).)).))..)).))...)).)).....)).))......)).)).,AAAAAAAUAAAAAAUAAAAAAGAAAAAACGACGAAAAAGGGAGAAAACAGCGAAUGAUGUAGGGGGCACGAAAAGUAGCGCCACUUAGUACAGAAGCGUGGAAAGCUACCAAAAAGCGAUCA,1.0,0.124279
Worm 1,.......(.(.(.(.(.((.((.(....).)).)).).).).).),CAAGAAAGGGGCGCGGGCCGAUGAGAAAUGGUGGGACGGGGGCGC,1.0,0.005785
just down to 1 bulge,.....((((.(((((....))))).(((....))).)).))....((((.(((....))).(((....))).))))....................,AACACGGGAACUACGGAAACGUAGAACGGAAACGUAUCGCCAAAAGCUGACUUGAAAAAGACAGGAAACUGACAGCAAAAAAAAAAAAAAAAAAAA,1.0,0.008895
Iron Cross,.(((.(((...(((.(((...))).(((....))).)))...(((.(((....))).(((...))).)))...(((.(((....))).(((...))).)))...))).(((...))).)))..,GACGGCCCAAAGUCAGAGAAACUCAGCUGAAAAGCAGACAACGCCAGUGGAAACACAUCGAUACGAAGGCAAACGCAGGUGAAAACCACGGAAACCGAGCGAAAGGGAGGCAGAGCCACGUGA,1.0,6.985065
loops and stems,.....(((((((...((((...((((...((((.........(((((............)))))...))))....((((..........))))...))))...(((........)))...))))..((......))...))))))).....,AAAAAGUGACGCAAAUCUCAAACCUUAAAAGCAGAAAAAAAAUUCCUGGAAAAAGAAAAAGGAAGAAUGUUAAAAGUCCGAAAAAAAAAGGACAAAAAGGAAAGGCGAAGAAAAGCCAACGAGAACGCGAAAAAGCAAAGCGUCACAAAAA,1.0,0.0156
Water Strider,.....((.((..(((((.(((....)))(((....)))))).....((((((....)))(((....))).)))))..)).)).....................,GGGAAGGGUCAGGCGGGGGGCGAAAGCCGCGGAAACGCCCCAAAAAACCGUCGAAAGACGCCGAAAGGCGGGUGCAGGAGCCAAAAGAAACAACAACAACAAC,1.0,1.635698
The Turtle(s) Move(s),...((....))....(((((((((.........)))))))))....((((.....)))).....(((....)))...(((((.......)))))....(((...((....)).....(((....)))....((((((.......))))))....(((....))).....((((((....(((.......)))..(((........)))...(((((......)))))...((((.....))))..)))))).........((....)).....((....))......(((((..........)))))......))),GAACGGAAACGGAACGUCGAGGCCGAAAAAAAAGGCUUUGACAAAACAUCGAAAAGAUGGAAGACGGGAAACCGAAAGGCCAGAAAAAAUGGCCAAAACCCAAAUGGAAACAAAAACGCGGAUAUGCAAAAGCCACUGAAAAAAAGUGGCAAAACACGGAAGUGAAAAAGGUCUGAAAAACCGAAAAAAGGUACGUGGAAAAAAACACAAAUCGCCGAAAAAGGCGAAACGGGUAAAAAACCCAACAGACCAGAAAAACAGCGAAAGCAAAAAAGGAAACUAAAAAACACUGGAAAAGGAAACGGUGGAAAAAGGG,1.0,9.796551
Adenine,(((((.((((((.((((((.((((((.((((((.((((((....((((((......)))))).)))))).(((((...(((((((...)))))))))))).)))))).((((((((((((...)))))))...))))).))))))....))))))....))))))....))))),CCGCGGAGUCUGAGAAGGCGCUCGCCAAUUGGGAGAAGCUAAAACUGGACGAGAAAGUUUAGGAGCUUUACCCAGGAUUUUCAGGACACCUGGAAUUGGGACCCAGUACAUACUUGGCGGACACCGCCGAAAUGUAUGAGGUGGGAAAAGCUUUCGAAGCGGACUGAAGCGCGG,1.0,2.433942
Tripod5,..((((((((.....))))((((.....))))))))..,CACGCUCCCGGAAAACGGGCGUGGAAAACACGGGCGAA,1.0,0.00502
Shortie 6,((....)).((....)).((....)).((....)),CCGAAAGGAGGAAAACCAGGGAAACCAGCGAAAGC,1.0,0.221278
Runner,.....((((.((((.....((((...)))).))))...(((..((((((...)))...)))((((((...)))...))).)))...(((...(((....))).))).)))).....,CCCGAUCGCAACGAGAAAACGGGACACCCGAUCGUAAACCCAGGGACACAAAGUGAAAUCCGCGCUGACACAGAAUCGCAGGGGAAGCAGAAGUCGAAAGGCAUGCAGCGGCUAAU,1.0,0.767121
Recoil,.....(((((..((..((..(((..(((..((..((...)).)).))).))).)).)).))))).....................,AAUAACUAGGCUGAUUAGAAAUGGAACAGAGCGACCAAAGGGGCGUGUACAUGCUUUCCCCUAGGAAAAAAAAAAAAAAAAAAAA,1.0,0.22811
[CloudBeta] An Arm and a Leg 1.0,.....(((.(((((....)).)))(((.((....))))).)))....................,GGUACCUGACCCACGAAAGUAGGGGCCGAGGAAACUGGCACAGAAAGAAACAACAACAACAAC,1.0,0.103148
[CloudBeta] 5 Adjacent Stack Multi-Branch Loop,(((((((((....))))(((((....)))))(((((....)))))((((....))))))))).,GCCCGGAGCGAAAGCUCGCAGAGAAAUCUGCCCCUGGAAACAGGGGGUCGAAAGACCCGGGUA,1.0,0.006065
Triple Y,.....((((((((((((....))))((((....))))))))((((((((....))))((((....))))))))))))....................,GGGAACACUGUGGGACCGAAAGGUCGUCAGAAAUGACCCACUCGACGGGGAAACCCGCUUGGAAACAAGUCGAAGUGAAAGAAACAACAACAACAAC,1.0,0.010149
Misfolded Aptamer,((((......(((((...))).((....)).........)).....)))),GUGCAAAAAAUCCUGAAACAGAGCGAAAGCAAAAAAAACGAGAAAGGCAU,1.0,0.07948
Flower power,.....((((((((...)))).((((((((...))))..((((...))))..((((...)))))))).((((...))))))))....................,AAUGAGUCCGGGCAGAGCCCAGGCACCCGAAACGGGACGUCGAAACGACAUGGUCAAAGACCUGCCGGCCCAAAGGGCGGACAAAAAAAAAAAAAAAAAAAA,1.0,0.049436
Kudzu,.....(((.(..(.(((((.((((.((...)))).))))((((((...)).))))..(((...)))...))).)..).)))....................,GGUUAUCUGGUAUGCUUCCACGAGCGAAAAUCCUACGGGGCGGCAAAAUGUCCGCAAGGCAAAGCCAAUAAGGAGUCGGGAAAAGAAACAACAACAACAAC,1.0,0.638691
"1,2,3and4bulges",.....((((.(((((....))....))).(((....))).)).))....((((.(((....)...)).(((....))).))..))....................,AAGACACCGCGCCAGGAAACUUAAAGGCAACGAAAACGUACGAGUGAAAGCCCAGUAGAAAUUAUACAACGAAAACGUAGGAAGCAAAAAAAAAAAAAAAAAAAA,0.0,139.920765
medallion,((((((.((((((....)))))).(((....))).(((....))).((((((....)))))).(((....))).((((((....)))))).(((....))).(((....))).((((((....)))))).(((....))).((((((....)))))).(((....))).(((....))).((((((....)))))).(((....))).((((((....)))))).(((....))).(((....))).((((((....)))))).(((....))).((((((....)))))).(((....))).(((....))).((((((....)))))).)))))),UAGAGCACACCCGAAAACGGGUGAGCCGAAAGGCAUACAAAGGUAACGGCUGGAAACGGUUGGCACAACAGUGAUAAUACGAAAGUAUUAAUGCGAAAGUAACGGGAAACCGACGGACCGAGAGGUCCGAGAGGAGACUUAUAGCUCGAAAGAGCUAACUGGAAACAGAGGUGAAAACCACGGGCGGAAACGCCCGAGACGAUAGUCAGUGCGAGAAAUCGUGCACGGGAAACCGAACAGAAAUGUAGUGACGGAAAUGUCACACCCGAAAGGGAUGGCUCGAAAGAGCCAAUGGGAAACCAACGCAAAAGCGAAUGGUUAGAAAACCAUAGCUCUG,1.0,0.279584
[RNA] Repetitious Sequences 8/10,.((......((......))......((......((......))......((......))......))......)).....,CGGGAGAAAGCGAAAAAGCAACAAACUAUGGAAGCGAAUAAGUAAAAAAGUGAGAAAACGAAAAAAGGAAAAACCAAAAA,0.0,109.573704
Documenting repetitious behavior,.......((.........((.........((.........((.........((.........((.........((.........((.........((.........((.........((.........((.........((.........((.........((.........((.........((.........((.........)).........)).........)).........)).........)).........)).........)).........)).........)).........)).........)).........)).........)).........)).........)).........)).........)).........))......,UAAAAAAGCAAAAAAAGACGAAAAAAAAGGAAAAAAAAAGACAAAAAAAGGCAGAAAAAAAACCGAAAAAAAAGCGAAAAAAAGGAAAAAAGAAGCGGAAAAAAAAUGGAAAAAAAGUCAAAAAAAAACCGAAAAAAAAUCAAAAAAAAGUCGAAAAAAAGCGGACGAAAAGGCGAAGAAAAAGGGGAAGAAAAUCGAAAAAGAAGAGAAAAAAAACCGAAAAAAAAGCAAAAAAAAACGAAAAAAAAAGAAAAAAAAAGGAAAAAAAAAAGGAAAAAAAAGGAAAAAAAAAACAAAAAAAAAACGAAAAAAAAGUCAAAAAAAAAGCGAAAAAGAAGGGAAAAAAAAUGGAAAGAAAGGUAAAAAAAAGUCAAAAAAAAGCGGAAAAAAGGGCAAAAGG,1.0,14.480244
7 multiloop,(((((((((....)))))(((((....)))))(((((....)))))(((((....)))))(((((....)))))(((((....))))))))),CACCCCCGCGAAAGCGGGGAUCUGAAAAGAUCGCCGAGAAAUCGGCCACCGGAAACGGUGGAACAGAAAUGUUCGUUGGGAAACCAACGGUG,1.0,0.011548
Kyurem 7,.....((((((((((....)))(((....((((.(((.....))).((((((......)))...))))))))))))).))))....................,GGAAACGGCCGUCUCGAAAGGGGGCAAAGGUUCACCAGAAAAUGGGCGCCCGGAAAAACGGAAAGCGGAACGCCACGAGUCGAAAGAAACAACAACAACAAC,1.0,0.070923
JF1,(((((((((((.(((((..(((((....((((((..(((((...(((((..((((((.((((((((((((((....))))))))))))))..(((....))).(((((((((....)))))))))..(((((....))))).)))))).))))).))))).))))))...((((((((.....))).)))))..((((((((((((((((((((((((....)))))))))))))).))))))))))...(((((......)))))((((((((((....))))))))))...((((....))))..)))))..))))).((((.(((.(((....)))))))))).(((((((((....))))).)))).)))).))).))))...,GGUCCGGCUUGAGCGCGCGCGCAGGAAAACCGAUUUACUCAAAAGCUGUAGUUGCAUAGUCCGUCCCCUGACGAAAGUCAGGGGAUGGACAAAAGGAAACUUAACGAGUUGAGUAAUCAAUUCGUAAUAAGUGAAAACUUAAGUGUAAGGCAGCGUGGGUUAUCGGUAUAUGGCUUAUGUGAAAUGUAGCCAAACCAGAGGGUCGUGAGAAACCAGGGGAAACCUUGGUUUCUCGCAGACCCUCUGGGAAUCGCCGAAAAAGGCGACUUGCAAGGUGAAAACCUUGCAAGAAAGCUGGAAACAGCAACUGUGAAUGUGUACGCUACGCGCGUGAAAACGGCGAGCGAAGCGCUGGUGAAAACCAGACGUUACGAGACCGAGACCAAA,1.0,2.379479
multilooping fun,((.(..(.(....).(....).)..).(....).)),GCGGGACAUGAGAAUCGAAAGAGGACAGGAAACAGC,0.0,125.165692
Multiloop...,((((.((((.(((....))).(((....))).(((....))).(((....))).(((....))).(((....))).)))).(((((......)))))(((....))))))),CGUUACGGGAAGAGAAAUCUAGCCGCAAGGUAAGGGAAACCUACAGAAAACUGACUGGAAACAGAGGGGAAACCCACCCGAUCUCUGAAAAAAGAGAGCGGAAACGCAACG,1.0,0.015338
hard Y,.....((((((.((((((((....))))))).)))((((((((((....)))))))))))))).....,GAGAACCCGGUACCAAGCAGGGAACUGUUUGUGGCGCCUAGCUCCGAAAGGAGCUAGGUCGGGAAAAA,1.0,0.296996
Mat - Elements & Sections,.....((((.(...(.((((.(.((((.((.((((.((.(((....))).).)))))).)))))....).)))).)...).))))....................,GGUCCUCCUGGAAAGGGCACGGAGCUGAGCGCCUGUCAGGUCGAAAGACGUCGUAGGGACCAGCCAAGCGGUGUGCAAGCGAGGAAAAGAAACAACAACAACAAC,0.0,105.122604
Chicken feet,.....((.((.((...)).((...))...)))).((.((.((...)).((...))...)))).....,AGAAAGGAGCAGCACAGCAGGAAACCUACGCCCAGGAGCAAGAAACUACGCAACGAAAGCCCGAAAA,0.0,97.353127
Bug 18,.((.((.((.((..((..((.((...))..)).)).))..))..))....)).,UGCAUCACCGGCAGGCGAUCAUCAAAGAAGGAAGCAGCAAGGAGGAAAAGGCG,1.0,2.57543
Fractal star x5,.....((((((((..((((....))))..((((....))))..((((....))))..((((....))))..)))))))).....((((((((..((((....))))..((((....))))..((((....))))..((((....))))..)))))))).....((((((((..((((....))))..((((....))))..((((....))))..((((....))))..)))))))).....((((((((..((((....))))..((((....))))..((((....))))..((((....))))..)))))))).....((((((((..((((....))))..((((....))))..((((....))))..((((....))))..)))))))).....,AAUAAGUAACGUCAACACCGAAAGGUGAAGGAUGAAAGUCCAACGUAGAAAUACGGAGCAGGAAACUGCAAGGCGUUACAACAACUAGUGGGAACCCUGAAAAGGGGAGGCCGAAAGGCCAACUGUGAAAAUGGAACUCGGAAACGAGGACCCAUUAGGAAAAACGAUUUUAAUCCCGAAAGGGAAAACGCGAAAGCGUAACCGCGAAAGCGGAACUUGGAAAUAAGGAAGAAUCGUAAAAAAAAAUGGGAAUACCGAAAGGUAAAGCCCGAAAGGGCAAGAGUGAAAGCUCAAGUGCGCAAGCACAACCCAUUUUAAAAACCGGUAGUAACAUGGAAACAUGAACCCUGAAAAGGGGAGCAAGCAAUUGCAAGAGAGAAAUCUCAAACUACCGGAAAAA,1.0,0.362439
Crop circle 2,((...((....((.....((.........((..............................))...............)).........)).......))....))....,GCGAGCCGGAGUCGAGAAGGAAAAAAUAAGGGAAAAAAAAAAAGAAAAAAAAAAAAAAAAACCGAAAAAAAAAAAAAGCCGAAAAAAACGAGAAAAAAGGAAAAGCAAAA,0.0,265.851224
Branching Loop,.(((((........)((((....))))..)))).......,GCAGUGGAAAAAAACGCCCGAAAGGGCAUGCUGAAAAAAA,1.0,1.721812
Bug 38,.((.((.((..((.(...).)).))..))....)).,CGCUCCGUCGACAGCAAAGGUGAGAAAGGUAAUGCA,1.0,4.139474
Simple Single Bond,......(.........((((.....)))).........)......................,UUACAAGAAAAAAAAAUCGGGUAAACCGGGAAAAAAAGCAAAAAAAAAAAAAAAAAGAAAA,0.0,185.01841
Taraxacum officinale,((((....).))).((((....).))).((((....).))).((((....).))).((((....).))).((((....).))).((((((((((((((((((((((...)))).))))))).(((((..((((((((((..(((((((...))))))).))))))))))((((.((((((...)))))))))))))))...))))))))))).((((....).))).((((....).))).((((....).))).((((....).))).((((....).))),UGACAAAAGUUCAAGCUCGAAAGCAGCAGGACCAAGGAUCCAUAGCGAAAGACUAGCACCGAAAGAGUGACGCCGAAAGAGCGACGGGCGGCACGAUAGGGCGCGCAAAGCGCAGCCUUAUAAGCACGAUGGCGCGUACGGUGCACUACAAUAGUGCAAGUACGCGCCACGGAUGGCCUGAAACAGGCCUCCGGUGCUAGACGUGCCGCCCGAGCCCGAAAGUGGCAGCGCGAAAGACGCACAGCGAAAGACUGAGCCCGAAAGUGGCGGCCCGAAAGAGGC,0.0,1424.420007
Headless Bug on Windshield,.((.((.....(((((...((.(((.........................))).))...))).))...)).)).(((..(((..((.......((....)).......)))))......))).(((((.......(((..((..(((..((.(((...............)))..))..)))..)).)))..))..))).,AAGGGGAAAAGACAGCAAAUCGGGUGAGAAAAAAAAAAAGAAAAAAAAAAACCGGAGAGGCUAGUAAGCCGCUAGUCAAGAGGUUCUAAAAAACGGAAACGGAAAAAUGACUCGAAAAAGACAGGCCCGAGAAAGCCGGAGGAGGACAAGUAUUCGAGAAAAACAAACAAGAAGGACGGGUCAGCCACGGAAGGUUGCCA,1.0,4.042619
Pokeball,...(((((((....((..((..(((..((..((..((..((..((..((...)).))..)).)).))..)).))).)).)))))))))........(((((((....((..((..(((..((..((..((..((..((..((...)).))..)).)).))..)).))).)).)))))))))...,GGAUGGCAGUCACAGUAAGGAAGCUAAGCGGGUAACAAAGGAAUCAAGGAAACCGGACGCCGUGAACGGGCAAGCACCAACACUGCCAAGGAGGGAUAAGACUCAAAACGACGGAGAUAACGGGCCAACGGGAAGAAGGAGCAAAGCACUGAUUACGGGGAACGGAUCGCGAGUAGUCUUAAGG,1.0,4.513356
Variation of a crop circle,....((....((....((....((..((..((...))..))....))......)).......)).........)).............,AUACGGUAAGGGGAAGGCGAAGACAACGGGGCAAAGCAACGAAAGGUAACAAAGCAAAAAAACCAAAAAAAAUCCGAAAAAAAAAAAA,0.0,129.468495
Loop next to a Multiloop,..((((((((.......(.((((((....)))))).(((((((....))))))).).......))))))))..,ACAUCUCGAUGCAAAAAGGGUGGACGAAAGUCCACACCAUGAGGAAACUCAUGGACGAAAAAAGUCGGGGUAA,1.0,3.341888
Snowflake 4,((((...))))(((((((....))(((((..(((((((....))(((((((((...))))..((((...)))))))))((....)))))))..(((((((....))(((((((((...))))..((((...)))))))))((....)))))))..(((((((....))(((((((((...))))..((((...)))))))))((....)))))))..(((((((....))(((((((((...))))..((((...)))))))))((....)))))))..(((((((....))(((((((((...))))..((((...)))))))))((....)))))))..)))))((....)))))))((((...)))),UUGCGAAGCGACAGUACCGAAAGGGCCGGAAGGGCCGGGCAACCGCGUCUCUGAGACAGAAAGCGCAUAGCGCGACGCUCGUAAGAGGCCCAAUUCCUGCAAAAGCGGCGGGGGGACACCCCAAGACCAAAGGUCCCGCCCGGAAACGAGGAAAAGAGGAGGGAAACCGCGGAUCUGAAACAGAAUGCCCAGGGGGCUCCGCCCAAAAGGUCCUCAAUGAACGCGAAAGCCACCAGGAGAAACUCCACACGGAUACCGUUGGUGAGGAAACUGUUCAAAAGUAGGCGAAAGCGGCUUAUGCAAAGCAUUAUCCGAGACGGAGAGCCUGGAAACACUACUAACCGGCGGGAAACCUACUGAGCCAAAGGCU,1.0,96.949678
Mat - Cuboid,(..((....((..((....((..((....(..((..((....((..((..((....(..((..((..((....((..((..((..((....((..((..((..((..((....((..((..((..((..((....((..((..((..((..((..((....((..((..((..((..((..((....((..((..((..((..((..((......))..))..))..))..))..))))..))..))..))..))..))))..))..))..))..))..))))..))..))..))..))))..))..))..))..))))..))..))..))))..))..))..)))..))..))))..))..)))..))))..))))..),GGAGCAAGAUGGAGUAAAACCGACUAAAAGAGGGGAGGCAAUUCAAGGGGCAAAGGGGACCAGCUGAUCUGAAAUAGACAACCGACGAAAUGAGAAUCAAGGAGGGGCGAAAAUGGAACAAGCGACCGACCUAAGCCAGUUAACAAGGGAGCUGAAUAAAAGGGGGGGAAUGGCGUGUGGGCGUAAAACGGCUGGUUAGGUGUUCUUCGGAAGAACGUUGAUAACAAGAGAAGAGGUCGAACAAUCGAAAUGACCAACUAUGAAGAGCUGAUGGGAAAGGGGGAAGGGAGCGGGUGAUACGAAUCGACUGAAUGAUCUGAAGGGGGUAGAUGAAAAGAGGGGACUGAACCGGGACCGACCAGCAGGAGGACGACAGCGAC,1.0,169.46079
Misfolded Aptamer 6,......(((......((((..(....(((........)))....).....)))).......)))...........,CGAAAACGCGAAAAAAGGGAGCAAAAAUGGAAAAAAACAUGGUGGAAAAGCCCUGAAAAAAGCGGGAAAAAAAAA,1.0,0.00981
Snowflake 3,(((((....)).((((((....)))..((((.((((..(((....)))(((.((....))(((...)))((....)).)))(((....)))..)))).((((..(((....)))(((.((....))(((...)))((....)).)))(((....)))..)))).((((..(((....)))(((.((....))(((...)))((....)).)))(((....)))..)))).((((..(((....)))(((.((....))(((...)))((....)).)))(((....)))..)))).((((..(((....)))(((.((....))(((...)))((....)).)))(((....)))..)))).))))..(((....)))))).((....))))),CACGGGAAACCAGGCGAUGAAAAUCUAGAACAGGGGAAGGUGAAAACCGGCACUGAAAAGGGAGAAUCCGGGAGACCAGCCGCGGAAACGCAACCCCAGCGCAGGUAGAAAUACGGCACCGAAAGGGCGAAACGCGGGAAACCAGCCCCCGAAAGGGAAGCGCGUCCGAGCACGAAAGUGGGCAGGAAAACCGUCAAAGACCCGAAAGGAGCCGCCGAAAGGCAACGGAACCGGAACUCGAAAGAGGGGAGCGACAGCGCGAAACGCCAGAAAUGACCCGAGGAAACUCAACCGGAGGACAGAUCGAAAGAUGCCGGCAAAAGCGCAAAAUGCCCGAAAGGAGGCGAGGAAACUCUAGUCCAGUUCAGCGUGAAAACGGCCAGCGAAAGCGUG,1.0,601.677693
Hard Y and a bit more,.....(((((((.(((((....)))).)))(((((.((..((((....))))..(((((......)))))..)).))))))))))....................,GGAACGCAGAGGUGUCUGGAAACAGGUCCCCCUUGGGCAACGGGGAAACCCGGACUGCGGAAAAAUGCAGAAGCGCAAGGUCUGCAAAGAAACAACAACAACAAC,1.0,0.906112
Mat - Lot 2-2 B,(..(((..((((..((....((..((((....))....))..))))..))....))..))((..((..((..((((..((....((..((((..((....((....))))..))....))..))))..))((..((..((....))((..((((..((....((..((((....))....))..))))..))....))..))))..))..))..))((..((....((..((((..((....((....))))..))....))..))))..))))..))..)..),GAACUUCAGAAGGGGCGAAACGGGCACCGAAAGGAAAAUGAACGGCAACUAAAAUCGAAACGGACCGAGGAAUUCCAACGCAAAGGGGCACCAAUGGAAACGGAAACGCAGAGGAAAAUGAACCCGGGGGGCAAGCAAUCGAAAGACCGACGAGGACCAAAACGAGACAGGAAACUAAAGGUAGCGGGGACUGAAACGGAGGGCAGGCACAAAGCCACAGGCAUAAGGGACCACGACGAAACGCGAAAGCCGGAGUUAAAGGGACCGCAGGUGGGACGGAGGAC,0.0,2037.34256
Shapes and Energy,......(.((((.((((....(...((((.(....).))))...)))))..((......((((....)))))).)))).).....................,GGAUAAAGCGGGAGGACAAAGGGAAAGGCGAGAAAUGGCCUAAGCGUCCAGGCGAAAAAGAGGGAAACCUUGCGCCCGGUAAAAGAAACAACAACAACAAC,1.0,55.720779
Spiral of 5's,(....(((((...(((((...(((((....(((((...(((((...(((((..(((((....(((((...(((((...(((((..(((((...(((((...(((((..(((((...(((((..(((((..(((((..(((((..(((((.(((((.((((((((((.....))))).....))))).....))))).....))))).....))))).....))))).....))))).....))))).....))))).....))))).....))))).....))))).....))))).....))))).....))))).....))))).....))))).....))))).....))))).....))))).....))))).....))))).....).....,UAAAAAAGAAUAGACGUCUAAUACGAGAAAUGGGCAAGGCGCGGAACGGGGGGCUAUGUAAGCUAGCGAGUCUGGAAAGGCUGGACCCGGGAUCCAAUGAGGCGGAGGAAGGCGAGUGGGUGAUCGAGAACUGGUGGUGCGGGAUCGCGAUUCACACCAAGCCGGAGAAAAUCCGGGAAAACUUGGCAAAGGUGAAAAAAGCGCGAGAAAACCGCAAAAGAACCGGGAAAGCUUGAGAAGAACCUAAAAUAGCCUUAAAAAUCCGCAAAAAAUUGGUAAAACCGGGGAACACAGUCGAAAACCAGAAAAAAGCUAGAAAAUCAUAGAAAAACCCCGGAAAACGCGCAAAAGGCCCAGAAAAUUGUAGGAAUGACGUAAAGUUUCUUGAAAGAAAAAA,0.0,1730.567768
Campfire,....((((..(((((..((((..((((.....))))((((((...))).)))))))((((((.((.((.(((((....)).)))))))(((((.((.((.((....))))))((((.(((....)).)).)))..)).)))))).))))))))(((.(((.(((.((((....))))))))))((((((((...))).)).))).))))))),UAACGUCCCAGCACUAGCCGGAGAAGUGAAAAACUUGGUGAGAAACUCAACCCCGGGGGUCCAGGUCGAGGCCGCAAACGAGCCCGCCGCACGCGGAGGACGGAAACGCCCCCAGUACCGGAAACGAGACCUGAACGUUGCGGAGCCCAGUGCGACAUGGUAUGCGCACGAAAGUGCCAUCCACCACCCCCAAAGGGAGGAUGGAGUCGGAU,0.0,827.541414
Anemone,...((((((....))))))(((((....)))))((((((....))))))(((((....)))))((((((....))))))(((((....)))))(((((....)))))((((((....)))))).(((((....)))))((((((....))))))(((((....)))))((((((....))))))(((((....)))))((((((....)))))),AAAUACAGCGAAAGCUGUAAACACGAAAGUGUUCACCACGAAAGUGGUGGUAGCGAAAGCUAUCGGCUCGAAAGAGCCGCAGCCGAAAGGCUGGGAUUGAGAGGUCCAACUUAGAAAUGAGUUUGACGUGAAAGCGUCGCCCCAGAAAUGGGGCGUCUGGAAACGGGCCGUCAGGAAACUGACGGGGCGGAAACGCCCGCGACGGAAACGUCGC,1.0,5.873888
Fractal 3,.....((((.(((.((....))((....)).))).(((.((....))((....)).))).(((.((....))((....)).))).(((.((....))((....)).))).)))).....,UAAGGGAGUACGCAGUGAAAACGGGAAACCAGCGAGCCACCGAAAGGGGGAAACCAGGCAGGGACGGAAACGGCGAAAGCACCCACCCACCGAAAGGGCGAAAGCAGGGGACUCAAAAA,1.0,6.45133
Kyurem 5,.....((((((((((....)))(((....((((((((...(((.....)))))))(((......))).))))))))))..))))....................,GGAACUGCAGCGACCGAAAGGUGUCAAAGCUCUCCUUAAAUGAGAAAAUCAAAGGUGUGAAAAAACAAAGAGGACCGUAGUGCAAAAGAAACAACAACAACAAC,1.0,0.422858
Snowflake Necklace ( or v2.0 ),(((((((((((((((.(((((.((.....)).((.....)).((.....)).((.....)).((.....)).))))).(((.....))).(((((.((.....)).((.....)).((.....)).((.....)).((.....)).))))).(((.....))).(((((.((.....)).((.....)).((.....)).((.....)).((.....)).))))).(((.....))).(((((.((.....)).((.....)).((.....)).((.....)).((.....)).))))).(((.....))).(((((.((.....)).((.....)).((.....)).((.....)).((.....)).))))).))))))))))))))),GUUCUCGUGAUAAGAAGCGGGACCAAAGAGGAACGAAAAGUACGGAGAACGAGUGAAAAACAGCGGUAAGCACCCGCACCCGAAAAGGGACUAGCAGGGAAAACCAGGGAAAACCAGCGAAAAGCACCGAAAAGGAGUGAUAAACAGCUAGAAUCGAAAAGAUACACGGACGGAAAACGAUCGAAAAGAAGGGAAAACCAUGGAAAACAAACGAGAAGUACCGUGAAGGGAAAACCUACCGCUACCGAAAAGGAUCGAAAAGAACGGAAAACGACGGAAAACGAAGGAAAACUAGGCGGAACGGAAAACGUAGCCACACGGAAAACGAGCGAAAAGCAGGGAAAACCACGGAAAACGAAGGAAAACUAGUGGCAUCUUGUCACGAGGAU,1.0,26.466134
Methaqualone C16H14N2O Structural Representation,.......((((.((((.(((.(((....))).(((.(((....))).(((.(((....))).(((.(((....))).(((.......))).))).))).))).))).(...).)))).((((...((.(((...((...))........))).(((.(((....)))(((....)))(((....)))))).))...((((.(...).(((.(((.(((.(((.(((....(((....))).))).(((....))).))).(((....))).))).(((....))).))).((((((....)))(((....))).(((....)))))).))).))))...)))).)))).......,UGAGAAACCCACCUGUAGGGAGGAGAAAUCCAGGCAGCGGAAACGCAGGGGACGGAAACGUAGGGAUCGGAAACGAAGAGGAAAACACUCACCCACCCAGCCACCCAGAAACAACAGAGCCCAAGGAAGCGGAAUAGAAUAGGAAAAAGCGCACGGACGGGAAACCGGUGGAAACACGUCGAAAGACCCGAUCAAAGAGCAGAAACAGGGAGCCAGUCAGCCAGCGGAAACGGAGAACCGACGCAUCGGAAACGAAGGCAUGGGAAACCAAGACAUGAGAAAUCAAGGCAGCGGACGAAAGUCGUGGAAACACAUGGGAAACCACGCACCCAGCUCAAAGGGCAUGGGAAAAAAA,0.0,2434.214946
Cat's Toy 2,....((((((((....((..(...................)..((...((....))...((....))........))......))))))))))....,AGAAUACGGGGAUAACGGGAGGAAAAAGAAAAAAAGAAAACACGCAAAUGGAAACAAAACGGGAACGAAAAAAACGCGAAAAACCUCCCCGUAAAAA,0.0,173.541956
Zigzag Semicircle,....((((((((.(....)).).).)))))....,ACAUGCCCUCGGACGAAAGCACAGAAGGGUCAAA,0.0,53.833612
Short String 4,......((.((..((..(...(.((.((....))))..)...(.((..((....))..))..)...).))..)))).....................,GGGUAAAGACGGACUGACAAUCGGCACCAAAAGGGCAAGGGAGAGGGGCAGAAAUGAACUGACAAAGAGGGACGCUAAAAGAAACAACAACAACAAC,0.0,134.361064
Gladius,(....)..(....(...(..(.(..(...(((.(((...((((....)))).(((((..(.(((..(.((((..(.((((..(.((((((((.((((((.(((((.((((.((((..((((...)))).))).)))))).))))).)))))).)))))))..).))))..).))))..).)))..).))))).)))...(((.(((((.(..(((.(..((((.(..((((.(..(((((((.((((((.(((((.((((((.(((.((((((....))))))..)))).)))).))))).)))))).)))))))).)..)))).)..)))).)..))).)..))))).((((....))))...))).)))...)..).)..)...)....)..(....),GGAAACACGGAACGGAAGGAGGGGGGAAAGACAGCGAAAGGAGGAAACUCCACACGCAAGGCUAGAGGACACAACGCAUAAAGGUUGCUGGGCGUACCCAUGCCCAUUCGUCCAAGGUAUGAAACAUAAUUGCGUGAGGUGGCGGUGGUACCAUCAGCAAAACGUAUGAAGGGUGUAACGUAGAACGGCGUGACGCAAAGCCAGUGGAGGAGGCCAGAACCCGGCAAGAGUGCGAGGCGCGGUCAGCAGUGGCAGUCCGGGCAUGCGACACCUGAAAAGGUGUGAGCGGUUCUGCGUUGUACCUGCUCGUCGCGCCAGAAACUCGGAACGGGGCAGGGCACGAUCCAUACCGUGAAAACGGACAGGCAGUCGAGCAACGCAACGAACAAAAUAACGAAAG,0.0,6006.33032
Thunderbolt,((..(((((........(.((..((.(.....(....).((((((((.........((......((((.....))))......))...((..((.......(..(......)..)..((..((.....(....).((((.....(((.....(..((.(...).))..).....))).((((...(.......(..(.((...)).)..).......)...))))........)))).....((((((...)))))).))..))...........))..)).........(..((....)((((((.....(........).....))))))..)..)...))))))))........).))..)).).....(.......).)))))..)).,ACGAUUCGUAAAGUAAAGGUGGACCGCAAACAGGAAACAGGGUGUUUAAAAAAAAACGGAAAAGACCAGAGAAUGGUAAAAAACGAAAUCAUGCAAAAAGAGAACGAAAAAGGGCAAGGGGGGAGAAGCGAAAGACACAAAUCAUGCGAAAACAUGUGCGAAGGACUGGGAAAAGCAAGAUCGAGGGAAAAAAGGAGGCGAAACGGCGACGAAAAAACAAGGAUCAAAAAAAAUGUGAAAAACAGUGGAAACCAUUGACCAACCAAAAAAAAAAAGCUGGAAAAAGAAAAGGACGGAAACGCAGUGUAAAACAAAAAAAAGGAAAUCACUGUUGGGACAAAGAACGCCUAAAAAAAAGGGGGACAGCAAAAAGGAAAAAACAACGAGGAGUC,0.0,2378.47749
Mutated chicken feet,.......((.((.((...)).((...))...)))).((.((.((...)).((...))...)))).((.((.((...)).((...))...)))).......,UAAAAAACGACCAGCAAAGCAAUAAAAUAGAGGCGAGGAGCAUUAGAGAACCAAAGGAAAGCCCAGGAGGACGAUACGAGCACAGCAAACCCCGAAAAAA,0.0,156.270881
Chicken Tracks,........(((((((((((....))))..((((....))))..((((....)))))))))))..(((((((...))))..((((...))))..((((...))))))).........,CAGGAAAACGGGGGUCGUUGAAAAGCGCAAAGGGAAACCUUAAUAGUGAAAACUAACCCCCGAACCCGGCGAAGCGCCAAAGCGAAACGUUAGUCGGAUACCGAGGGAAAAAAAGA,1.0,0.038826
Looking Back Again,(((..(((((((.....((((((...)))))).))))..((((((..(((...)))))).(((((...((((....))))....)))))..)))..)))..(((((((.....(((((....)))))......)))((((((((((...)))))(((((...)))))((((((((..(..(..(..(..(..((((....))))..).)..))..).))(((....)))..))))))...))))))))).(((((.((((......(((((((........((((.....))))))))...))).))))((((......((((((((....))))))..(((((...)).(((((...)))))..)))))....)))))))))...))),GGUAAGCCGCCGGAAAGCCUCAAAGAUUGAGGACGGCAAGAGGGCAGGACUAAGUCGCCAAACCCGAAGGCGGAAAUGCUAAAAGGGUUAACUCAAGGCAAUGACGAGAAAAAGUAACGAAAGUUACGAAAAGCUCCGGUCGCUACAAAGUAGCGGGGCAAAGCCCCGGAGCGGCAAGGACAAGGGGGAGGAUGGGGCAACCCAGACACAACGGACGGCGGGGAAACCCAACGCUCCUAAGACCGGUCAAGCGGCAUCUGGAAAAGCCCGCUAUAAGACACGUGAGAAAAUCACUAGCAAAGGGACAGAGGGGGAAAAAGCCAUGUCGAAAGACAUGAAGGGCCAAAGGAGUGGCAAAGCCAUAACCCGCGAAACCCCGCCGCAAAACC,1.0,481.746763
Multilooping 6,..(((((((((((((....)))))(((((....))))))))((((((((....)))))(((((....)))))))))))))..,UAGGCGCCCUGAUGUAUAAAUAUCCUAGUGAAAACUGGAGGGGAACCCCGAUAGGGGUGCAGGGAAACUUGCUCCGCGCCAA,1.0,0.393804
Cesspool,(..(..(....)..(((..(.(.(((...)))..)..)..)))..(..(....)..).(..(....)..).....(....)..)..)..(..(..(....)..(((..(.(.(((...)))..)..)..)))..(..(....)..).(..(....)..).....(....)..)..)..((..(..(....)..(((..(.(.(((...)))..)..)..)))..(..(....)..).(..(....)..).....(....)..)..))..((..(..(....)..(((..(.(.(((...)))..)..)..)))..(..(....)..).(..(....)..).....(....)..)..)),UAAUAAAGAAAUACGCGGACAGGCCGAAACGGAACGAGGACGCAAGGGCGAAAGAACAGAACGAAAGGGCAAAAGGGAGACGAAGGAAAGGACAAGGAAACAAUGGGACACAGACAAAGUCAGGAGGGACCAAAGGACGGAAGGACAGGACGAAAGGACAAAACGGAAACAAGGACAAGCGACAAGGAAACAAUGGGACACAUACAUAGUAAGGGAGGACCAAAGAACGAAAGGGCAGGGCGAAAGAACGAUAAGGAAACAAGGAGCAAGAGAGGACGAAAGACCGGGAGGCAGGCAAAGCCAGGAACGACCGAAGGACGAAAGGACAGGAGGAAACGACAAAAUGGAAACAACGAUC,0.0,2760.650333
Hoglafractal,..(.((..(((((....(((((......))))))))))((((...((((.....))))))))(((..(((....)))))).(((...((((...((((......))))))))(((..(((.....))))))((.((....)))).((((....(((..(((......))))))((.((.....))))(((....))).(((((.....((.((......))))(((.....)))((....)).((((((......(((......)))((.....))...(((((((...))))))).......))))))......))))).....))))....)))...))..)...(.((.((((....((....))((....))((((((...)))))).)))))).),AAUAGGAAGCGGGAAAAUGGGCGAAGAAGCCCACCCGCCUUGAAAUGGGAGCAGUCCACAAGACGUAGAGGAAACUCCGUAGACAAACCUCUAAGGGGAAAAAACCCCGAGGCAGGACCUGAAAAAGGCUGACAUGGAAACAGUACCGGAAAGGAGGAUCGGAAAAACGGCUCGGAUAGAAAAUACCCAGGAAACUGAAGGCCAAAAACCGCGGAACAACGGGGCUGAAAAGGCGCGAAAGUAGCACAUAAAAAAUCGAAAAAACGACAGAAAAUGGAAGAGGCUCAAAGAGCCUCAAAAAAAAUGUGCAAAAAAGGCCUAAAAACCGGAAAAGUCAAACCAGAAAACGCGUGCCCAAAACCGAAAGGCGGAAACGACUAACAAAGUUAGUAGGGCCGGG,0.0,2059.271647
Bullseye,...(((((((...))))..((((...))))..((((...)))))))........(((((((...))))..((((...))))..((((...)))))))........(((((((...))))..((((...))))..((((...)))))))........(((((((...))))..((((...))))..((((...)))))))...,UGAGCCGGGGAAACCCCAAUCGCAAGGCGAAGGCAGAAACUGCGGCAAAAUGACCCGGUGGAUACCACAACGUGACACACGGCGAACAAAGUUCCGGACAAAAACGCGUCGGAUACCGAAAGUGCAAAGCACAACGCAAAAUGCGCGCAAAAAAAAGGGUACCAAAGGUGAAGCGUAAAAUGCAAGACGAAACGUCCCCAAA,1.0,8.417043
Shooting Star,(((((((((((((((((...(.(..((.(((.(((.((....).))).)))).).)..))..))))))).(((((..(.(..((.(((.(((((.(((.((((.((....).)))).))))).))).)))).).)..))..)(....)..))))(((((((((...))))).(((((...)))))(.(....).).)))).)))).((((.((((...(((((((...))))))).(((((...)))))))))(((((((...))))))).(((((...)))))))))((((..(....)(..(..(..(.(.(((.((((.((....).)))).)))).)..)..).)..))))).)))))).,GUGCAUCGCCAAGCUGCAAAGAUGGACGCAGAGACGACGAAAGCUGUAUCUGAGAUUGACAGGCAGCUUAUGCCGGACGAGAUUGUGGAGGUUGAGAUGCAGGACUUAAAAUGCCUAGAUCCUAACACCCAGGUAGAUGGACGAAGACAUGGCACGCGACGGGAAACCCGUAGGUACAUAGUGCCGGGGAAACGCACGCGAGGCGACCACGGGGCGAAGCGUCACAAAGUGACGCGGUUUGAAACAAACGCCCGGGCGGGAUACCCGCCCAUCUCCAAAGGAGAGUGGCAGAAAGGAAACUAAUAAGGGCAGGUCCAGCCGUGAGAAAUACCGGACGGAGCGAGAACGAGAAUCUGAAUGUACA,0.0,4566.01793
Teslagon,......((.......((.((.......((.((...............)).........((...............)).)).......)).((.......((...............)).......)).((.......((.((...............)).........((...............)).)).......)).((.......((...............)).......)).((.......((.((...............)).........((...............)).)).......)).((.......((............((...............)).)).......)).)).......))......,UAAAAAGCAAAAAAGGAAGGGAACAACUCAGGGGAAAAAAAAAAAAACCAAAAAAAAACCGAAUAAGAAAAAAAAGGAGAGUAUAAACCACGGAAAAAGGGGAAAAAAAAAAAAAACCGAAAAAACGAGCGAAAAAAGGACCGAAAGAAAAAAAAAAGGAAAAAAAAGGCGAAAAAAAAUAAAAAGCACCGAAAAAAGCACCGUAAAAACCGAAAAAAAAAAAAAAGGGAAACAAGGAGGGAAACAAGCAGCAAAAAAAAAAAAAAAGCAAAAAACAACCGAAUAAAAAAAAAAAGGAGCGAAAAAACCAGCGAAACAACGGAAAAAGAAAAGUGGAAAAAAAAAAAAAACAACGGAAAAAAGCAUCAAAAAAGGCAAAAAA,0.0,1931.72919
